utt_id,orig_utt_id,spk_id,path,condition,gender,is_known,num_selected_utts,num_total_valid_utts
BAC009S0251W0458_noise10,BAC009S0251W0458,S0251,augmented/noise_snr10/S0251/BAC009S0251W0458_noise10.wav,noise_snr10,0,1,24,322
BAC009S0251W0458_ch8k,BAC009S0251W0458,S0251,augmented/channel_8k/S0251/BAC009S0251W0458_ch8k.wav,channel_8k,0,1,24,322
BAC009S0251W0349_noise10,BAC009S0251W0349,S0251,augmented/noise_snr10/S0251/BAC009S0251W0349_noise10.wav,noise_snr10,0,1,24,322
BAC009S0251W0349_ch8k,BAC009S0251W0349,S0251,augmented/channel_8k/S0251/BAC009S0251W0349_ch8k.wav,channel_8k,0,1,24,322
BAC009S0251W0248_noise10,BAC009S0251W0248,S0251,augmented/noise_snr10/S0251/BAC009S0251W0248_noise10.wav,noise_snr10,0,1,24,322
BAC009S0251W0248_ch8k,BAC009S0251W0248,S0251,augmented/channel_8k/S0251/BAC009S0251W0248_ch8k.wav,channel_8k,0,1,24,322
BAC009S0251W0448_noise10,BAC009S0251W0448,S0251,augmented/noise_snr10/S0251/BAC009S0251W0448_noise10.wav,noise_snr10,0,1,24,322
BAC009S0251W0448_ch8k,BAC009S0251W0448,S0251,augmented/channel_8k/S0251/BAC009S0251W0448_ch8k.wav,channel_8k,0,1,24,322
BAC009S0251W0491_noise10,BAC009S0251W0491,S0251,augmented/noise_snr10/S0251/BAC009S0251W0491_noise10.wav,noise_snr10,0,1,24,322
BAC009S0251W0491_ch8k,BAC009S0251W0491,S0251,augmented/channel_8k/S0251/BAC009S0251W0491_ch8k.wav,channel_8k,0,1,24,322
BAC009S0251W0312_noise10,BAC009S0251W0312,S0251,augmented/noise_snr10/S0251/BAC009S0251W0312_noise10.wav,noise_snr10,0,1,24,322
BAC009S0251W0312_ch8k,BAC009S0251W0312,S0251,augmented/channel_8k/S0251/BAC009S0251W0312_ch8k.wav,channel_8k,0,1,24,322
BAC009S0251W0151_noise10,BAC009S0251W0151,S0251,augmented/noise_snr10/S0251/BAC009S0251W0151_noise10.wav,noise_snr10,0,1,24,322
BAC009S0251W0151_ch8k,BAC009S0251W0151,S0251,augmented/channel_8k/S0251/BAC009S0251W0151_ch8k.wav,channel_8k,0,1,24,322
BAC009S0251W0463_noise10,BAC009S0251W0463,S0251,augmented/noise_snr10/S0251/BAC009S0251W0463_noise10.wav,noise_snr10,0,1,24,322
BAC009S0251W0463_ch8k,BAC009S0251W0463,S0251,augmented/channel_8k/S0251/BAC009S0251W0463_ch8k.wav,channel_8k,0,1,24,322
BAC009S0251W0264_noise10,BAC009S0251W0264,S0251,augmented/noise_snr10/S0251/BAC009S0251W0264_noise10.wav,noise_snr10,0,1,24,322
BAC009S0251W0264_ch8k,BAC009S0251W0264,S0251,augmented/channel_8k/S0251/BAC009S0251W0264_ch8k.wav,channel_8k,0,1,24,322
BAC009S0251W0433_noise10,BAC009S0251W0433,S0251,augmented/noise_snr10/S0251/BAC009S0251W0433_noise10.wav,noise_snr10,0,1,24,322
BAC009S0251W0433_ch8k,BAC009S0251W0433,S0251,augmented/channel_8k/S0251/BAC009S0251W0433_ch8k.wav,channel_8k,0,1,24,322
BAC009S0251W0184_noise10,BAC009S0251W0184,S0251,augmented/noise_snr10/S0251/BAC009S0251W0184_noise10.wav,noise_snr10,0,1,24,322
BAC009S0251W0184_ch8k,BAC009S0251W0184,S0251,augmented/channel_8k/S0251/BAC009S0251W0184_ch8k.wav,channel_8k,0,1,24,322
BAC009S0251W0411_noise10,BAC009S0251W0411,S0251,augmented/noise_snr10/S0251/BAC009S0251W0411_noise10.wav,noise_snr10,0,1,24,322
BAC009S0251W0411_ch8k,BAC009S0251W0411,S0251,augmented/channel_8k/S0251/BAC009S0251W0411_ch8k.wav,channel_8k,0,1,24,322
BAC009S0251W0316_noise10,BAC009S0251W0316,S0251,augmented/noise_snr10/S0251/BAC009S0251W0316_noise10.wav,noise_snr10,0,1,24,322
BAC009S0251W0316_ch8k,BAC009S0251W0316,S0251,augmented/channel_8k/S0251/BAC009S0251W0316_ch8k.wav,channel_8k,0,1,24,322
BAC009S0251W0203_noise10,BAC009S0251W0203,S0251,augmented/noise_snr10/S0251/BAC009S0251W0203_noise10.wav,noise_snr10,0,1,24,322
BAC009S0251W0203_ch8k,BAC009S0251W0203,S0251,augmented/channel_8k/S0251/BAC009S0251W0203_ch8k.wav,channel_8k,0,1,24,322
BAC009S0251W0468_noise10,BAC009S0251W0468,S0251,augmented/noise_snr10/S0251/BAC009S0251W0468_noise10.wav,noise_snr10,0,1,24,322
BAC009S0251W0468_ch8k,BAC009S0251W0468,S0251,augmented/channel_8k/S0251/BAC009S0251W0468_ch8k.wav,channel_8k,0,1,24,322
BAC009S0251W0143_noise10,BAC009S0251W0143,S0251,augmented/noise_snr10/S0251/BAC009S0251W0143_noise10.wav,noise_snr10,0,1,24,322
BAC009S0251W0143_ch8k,BAC009S0251W0143,S0251,augmented/channel_8k/S0251/BAC009S0251W0143_ch8k.wav,channel_8k,0,1,24,322
BAC009S0251W0240_noise10,BAC009S0251W0240,S0251,augmented/noise_snr10/S0251/BAC009S0251W0240_noise10.wav,noise_snr10,0,1,24,322
BAC009S0251W0240_ch8k,BAC009S0251W0240,S0251,augmented/channel_8k/S0251/BAC009S0251W0240_ch8k.wav,channel_8k,0,1,24,322
BAC009S0251W0191_noise10,BAC009S0251W0191,S0251,augmented/noise_snr10/S0251/BAC009S0251W0191_noise10.wav,noise_snr10,0,1,24,322
BAC009S0251W0191_ch8k,BAC009S0251W0191,S0251,augmented/channel_8k/S0251/BAC009S0251W0191_ch8k.wav,channel_8k,0,1,24,322
BAC009S0251W0222_noise10,BAC009S0251W0222,S0251,augmented/noise_snr10/S0251/BAC009S0251W0222_noise10.wav,noise_snr10,0,1,24,322
BAC009S0251W0222_ch8k,BAC009S0251W0222,S0251,augmented/channel_8k/S0251/BAC009S0251W0222_ch8k.wav,channel_8k,0,1,24,322
BAC009S0251W0182_noise10,BAC009S0251W0182,S0251,augmented/noise_snr10/S0251/BAC009S0251W0182_noise10.wav,noise_snr10,0,1,24,322
BAC009S0251W0182_ch8k,BAC009S0251W0182,S0251,augmented/channel_8k/S0251/BAC009S0251W0182_ch8k.wav,channel_8k,0,1,24,322
BAC009S0251W0470_noise10,BAC009S0251W0470,S0251,augmented/noise_snr10/S0251/BAC009S0251W0470_noise10.wav,noise_snr10,0,1,24,322
BAC009S0251W0470_ch8k,BAC009S0251W0470,S0251,augmented/channel_8k/S0251/BAC009S0251W0470_ch8k.wav,channel_8k,0,1,24,322
BAC009S0251W0464_noise10,BAC009S0251W0464,S0251,augmented/noise_snr10/S0251/BAC009S0251W0464_noise10.wav,noise_snr10,0,1,24,322
BAC009S0251W0464_ch8k,BAC009S0251W0464,S0251,augmented/channel_8k/S0251/BAC009S0251W0464_ch8k.wav,channel_8k,0,1,24,322
BAC009S0251W0154_noise10,BAC009S0251W0154,S0251,augmented/noise_snr10/S0251/BAC009S0251W0154_noise10.wav,noise_snr10,0,1,24,322
BAC009S0251W0154_ch8k,BAC009S0251W0154,S0251,augmented/channel_8k/S0251/BAC009S0251W0154_ch8k.wav,channel_8k,0,1,24,322
BAC009S0251W0239_noise10,BAC009S0251W0239,S0251,augmented/noise_snr10/S0251/BAC009S0251W0239_noise10.wav,noise_snr10,0,1,24,322
BAC009S0251W0239_ch8k,BAC009S0251W0239,S0251,augmented/channel_8k/S0251/BAC009S0251W0239_ch8k.wav,channel_8k,0,1,24,322
BAC009S0096W0157_noise10,BAC009S0096W0157,S0096,augmented/noise_snr10/S0096/BAC009S0096W0157_noise10.wav,noise_snr10,0,1,24,338
BAC009S0096W0157_ch8k,BAC009S0096W0157,S0096,augmented/channel_8k/S0096/BAC009S0096W0157_ch8k.wav,channel_8k,0,1,24,338
BAC009S0096W0308_noise10,BAC009S0096W0308,S0096,augmented/noise_snr10/S0096/BAC009S0096W0308_noise10.wav,noise_snr10,0,1,24,338
BAC009S0096W0308_ch8k,BAC009S0096W0308,S0096,augmented/channel_8k/S0096/BAC009S0096W0308_ch8k.wav,channel_8k,0,1,24,338
BAC009S0096W0361_noise10,BAC009S0096W0361,S0096,augmented/noise_snr10/S0096/BAC009S0096W0361_noise10.wav,noise_snr10,0,1,24,338
BAC009S0096W0361_ch8k,BAC009S0096W0361,S0096,augmented/channel_8k/S0096/BAC009S0096W0361_ch8k.wav,channel_8k,0,1,24,338
BAC009S0096W0165_noise10,BAC009S0096W0165,S0096,augmented/noise_snr10/S0096/BAC009S0096W0165_noise10.wav,noise_snr10,0,1,24,338
BAC009S0096W0165_ch8k,BAC009S0096W0165,S0096,augmented/channel_8k/S0096/BAC009S0096W0165_ch8k.wav,channel_8k,0,1,24,338
BAC009S0096W0490_noise10,BAC009S0096W0490,S0096,augmented/noise_snr10/S0096/BAC009S0096W0490_noise10.wav,noise_snr10,0,1,24,338
BAC009S0096W0490_ch8k,BAC009S0096W0490,S0096,augmented/channel_8k/S0096/BAC009S0096W0490_ch8k.wav,channel_8k,0,1,24,338
BAC009S0096W0195_noise10,BAC009S0096W0195,S0096,augmented/noise_snr10/S0096/BAC009S0096W0195_noise10.wav,noise_snr10,0,1,24,338
BAC009S0096W0195_ch8k,BAC009S0096W0195,S0096,augmented/channel_8k/S0096/BAC009S0096W0195_ch8k.wav,channel_8k,0,1,24,338
BAC009S0096W0280_noise10,BAC009S0096W0280,S0096,augmented/noise_snr10/S0096/BAC009S0096W0280_noise10.wav,noise_snr10,0,1,24,338
BAC009S0096W0280_ch8k,BAC009S0096W0280,S0096,augmented/channel_8k/S0096/BAC009S0096W0280_ch8k.wav,channel_8k,0,1,24,338
BAC009S0096W0260_noise10,BAC009S0096W0260,S0096,augmented/noise_snr10/S0096/BAC009S0096W0260_noise10.wav,noise_snr10,0,1,24,338
BAC009S0096W0260_ch8k,BAC009S0096W0260,S0096,augmented/channel_8k/S0096/BAC009S0096W0260_ch8k.wav,channel_8k,0,1,24,338
BAC009S0096W0303_noise10,BAC009S0096W0303,S0096,augmented/noise_snr10/S0096/BAC009S0096W0303_noise10.wav,noise_snr10,0,1,24,338
BAC009S0096W0303_ch8k,BAC009S0096W0303,S0096,augmented/channel_8k/S0096/BAC009S0096W0303_ch8k.wav,channel_8k,0,1,24,338
BAC009S0096W0352_noise10,BAC009S0096W0352,S0096,augmented/noise_snr10/S0096/BAC009S0096W0352_noise10.wav,noise_snr10,0,1,24,338
BAC009S0096W0352_ch8k,BAC009S0096W0352,S0096,augmented/channel_8k/S0096/BAC009S0096W0352_ch8k.wav,channel_8k,0,1,24,338
BAC009S0096W0143_noise10,BAC009S0096W0143,S0096,augmented/noise_snr10/S0096/BAC009S0096W0143_noise10.wav,noise_snr10,0,1,24,338
BAC009S0096W0143_ch8k,BAC009S0096W0143,S0096,augmented/channel_8k/S0096/BAC009S0096W0143_ch8k.wav,channel_8k,0,1,24,338
BAC009S0096W0427_noise10,BAC009S0096W0427,S0096,augmented/noise_snr10/S0096/BAC009S0096W0427_noise10.wav,noise_snr10,0,1,24,338
BAC009S0096W0427_ch8k,BAC009S0096W0427,S0096,augmented/channel_8k/S0096/BAC009S0096W0427_ch8k.wav,channel_8k,0,1,24,338
BAC009S0096W0464_noise10,BAC009S0096W0464,S0096,augmented/noise_snr10/S0096/BAC009S0096W0464_noise10.wav,noise_snr10,0,1,24,338
BAC009S0096W0464_ch8k,BAC009S0096W0464,S0096,augmented/channel_8k/S0096/BAC009S0096W0464_ch8k.wav,channel_8k,0,1,24,338
BAC009S0096W0183_noise10,BAC009S0096W0183,S0096,augmented/noise_snr10/S0096/BAC009S0096W0183_noise10.wav,noise_snr10,0,1,24,338
BAC009S0096W0183_ch8k,BAC009S0096W0183,S0096,augmented/channel_8k/S0096/BAC009S0096W0183_ch8k.wav,channel_8k,0,1,24,338
BAC009S0096W0384_noise10,BAC009S0096W0384,S0096,augmented/noise_snr10/S0096/BAC009S0096W0384_noise10.wav,noise_snr10,0,1,24,338
BAC009S0096W0384_ch8k,BAC009S0096W0384,S0096,augmented/channel_8k/S0096/BAC009S0096W0384_ch8k.wav,channel_8k,0,1,24,338
BAC009S0096W0172_noise10,BAC009S0096W0172,S0096,augmented/noise_snr10/S0096/BAC009S0096W0172_noise10.wav,noise_snr10,0,1,24,338
BAC009S0096W0172_ch8k,BAC009S0096W0172,S0096,augmented/channel_8k/S0096/BAC009S0096W0172_ch8k.wav,channel_8k,0,1,24,338
BAC009S0096W0251_noise10,BAC009S0096W0251,S0096,augmented/noise_snr10/S0096/BAC009S0096W0251_noise10.wav,noise_snr10,0,1,24,338
BAC009S0096W0251_ch8k,BAC009S0096W0251,S0096,augmented/channel_8k/S0096/BAC009S0096W0251_ch8k.wav,channel_8k,0,1,24,338
BAC009S0096W0190_noise10,BAC009S0096W0190,S0096,augmented/noise_snr10/S0096/BAC009S0096W0190_noise10.wav,noise_snr10,0,1,24,338
BAC009S0096W0190_ch8k,BAC009S0096W0190,S0096,augmented/channel_8k/S0096/BAC009S0096W0190_ch8k.wav,channel_8k,0,1,24,338
BAC009S0096W0329_noise10,BAC009S0096W0329,S0096,augmented/noise_snr10/S0096/BAC009S0096W0329_noise10.wav,noise_snr10,0,1,24,338
BAC009S0096W0329_ch8k,BAC009S0096W0329,S0096,augmented/channel_8k/S0096/BAC009S0096W0329_ch8k.wav,channel_8k,0,1,24,338
BAC009S0096W0474_noise10,BAC009S0096W0474,S0096,augmented/noise_snr10/S0096/BAC009S0096W0474_noise10.wav,noise_snr10,0,1,24,338
BAC009S0096W0474_ch8k,BAC009S0096W0474,S0096,augmented/channel_8k/S0096/BAC009S0096W0474_ch8k.wav,channel_8k,0,1,24,338
BAC009S0096W0264_noise10,BAC009S0096W0264,S0096,augmented/noise_snr10/S0096/BAC009S0096W0264_noise10.wav,noise_snr10,0,1,24,338
BAC009S0096W0264_ch8k,BAC009S0096W0264,S0096,augmented/channel_8k/S0096/BAC009S0096W0264_ch8k.wav,channel_8k,0,1,24,338
BAC009S0096W0313_noise10,BAC009S0096W0313,S0096,augmented/noise_snr10/S0096/BAC009S0096W0313_noise10.wav,noise_snr10,0,1,24,338
BAC009S0096W0313_ch8k,BAC009S0096W0313,S0096,augmented/channel_8k/S0096/BAC009S0096W0313_ch8k.wav,channel_8k,0,1,24,338
BAC009S0096W0216_noise10,BAC009S0096W0216,S0096,augmented/noise_snr10/S0096/BAC009S0096W0216_noise10.wav,noise_snr10,0,1,24,338
BAC009S0096W0216_ch8k,BAC009S0096W0216,S0096,augmented/channel_8k/S0096/BAC009S0096W0216_ch8k.wav,channel_8k,0,1,24,338
BAC009S0096W0218_noise10,BAC009S0096W0218,S0096,augmented/noise_snr10/S0096/BAC009S0096W0218_noise10.wav,noise_snr10,0,1,24,338
BAC009S0096W0218_ch8k,BAC009S0096W0218,S0096,augmented/channel_8k/S0096/BAC009S0096W0218_ch8k.wav,channel_8k,0,1,24,338
BAC009S0160W0279_noise10,BAC009S0160W0279,S0160,augmented/noise_snr10/S0160/BAC009S0160W0279_noise10.wav,noise_snr10,1,1,24,353
BAC009S0160W0279_ch8k,BAC009S0160W0279,S0160,augmented/channel_8k/S0160/BAC009S0160W0279_ch8k.wav,channel_8k,1,1,24,353
BAC009S0160W0134_noise10,BAC009S0160W0134,S0160,augmented/noise_snr10/S0160/BAC009S0160W0134_noise10.wav,noise_snr10,1,1,24,353
BAC009S0160W0134_ch8k,BAC009S0160W0134,S0160,augmented/channel_8k/S0160/BAC009S0160W0134_ch8k.wav,channel_8k,1,1,24,353
BAC009S0160W0166_noise10,BAC009S0160W0166,S0160,augmented/noise_snr10/S0160/BAC009S0160W0166_noise10.wav,noise_snr10,1,1,24,353
BAC009S0160W0166_ch8k,BAC009S0160W0166,S0160,augmented/channel_8k/S0160/BAC009S0160W0166_ch8k.wav,channel_8k,1,1,24,353
BAC009S0160W0485_noise10,BAC009S0160W0485,S0160,augmented/noise_snr10/S0160/BAC009S0160W0485_noise10.wav,noise_snr10,1,1,24,353
BAC009S0160W0485_ch8k,BAC009S0160W0485,S0160,augmented/channel_8k/S0160/BAC009S0160W0485_ch8k.wav,channel_8k,1,1,24,353
BAC009S0160W0194_noise10,BAC009S0160W0194,S0160,augmented/noise_snr10/S0160/BAC009S0160W0194_noise10.wav,noise_snr10,1,1,24,353
BAC009S0160W0194_ch8k,BAC009S0160W0194,S0160,augmented/channel_8k/S0160/BAC009S0160W0194_ch8k.wav,channel_8k,1,1,24,353
BAC009S0160W0451_noise10,BAC009S0160W0451,S0160,augmented/noise_snr10/S0160/BAC009S0160W0451_noise10.wav,noise_snr10,1,1,24,353
BAC009S0160W0451_ch8k,BAC009S0160W0451,S0160,augmented/channel_8k/S0160/BAC009S0160W0451_ch8k.wav,channel_8k,1,1,24,353
BAC009S0160W0325_noise10,BAC009S0160W0325,S0160,augmented/noise_snr10/S0160/BAC009S0160W0325_noise10.wav,noise_snr10,1,1,24,353
BAC009S0160W0325_ch8k,BAC009S0160W0325,S0160,augmented/channel_8k/S0160/BAC009S0160W0325_ch8k.wav,channel_8k,1,1,24,353
BAC009S0160W0413_noise10,BAC009S0160W0413,S0160,augmented/noise_snr10/S0160/BAC009S0160W0413_noise10.wav,noise_snr10,1,1,24,353
BAC009S0160W0413_ch8k,BAC009S0160W0413,S0160,augmented/channel_8k/S0160/BAC009S0160W0413_ch8k.wav,channel_8k,1,1,24,353
BAC009S0160W0297_noise10,BAC009S0160W0297,S0160,augmented/noise_snr10/S0160/BAC009S0160W0297_noise10.wav,noise_snr10,1,1,24,353
BAC009S0160W0297_ch8k,BAC009S0160W0297,S0160,augmented/channel_8k/S0160/BAC009S0160W0297_ch8k.wav,channel_8k,1,1,24,353
BAC009S0160W0197_noise10,BAC009S0160W0197,S0160,augmented/noise_snr10/S0160/BAC009S0160W0197_noise10.wav,noise_snr10,1,1,24,353
BAC009S0160W0197_ch8k,BAC009S0160W0197,S0160,augmented/channel_8k/S0160/BAC009S0160W0197_ch8k.wav,channel_8k,1,1,24,353
BAC009S0160W0354_noise10,BAC009S0160W0354,S0160,augmented/noise_snr10/S0160/BAC009S0160W0354_noise10.wav,noise_snr10,1,1,24,353
BAC009S0160W0354_ch8k,BAC009S0160W0354,S0160,augmented/channel_8k/S0160/BAC009S0160W0354_ch8k.wav,channel_8k,1,1,24,353
BAC009S0160W0494_noise10,BAC009S0160W0494,S0160,augmented/noise_snr10/S0160/BAC009S0160W0494_noise10.wav,noise_snr10,1,1,24,353
BAC009S0160W0494_ch8k,BAC009S0160W0494,S0160,augmented/channel_8k/S0160/BAC009S0160W0494_ch8k.wav,channel_8k,1,1,24,353
BAC009S0160W0174_noise10,BAC009S0160W0174,S0160,augmented/noise_snr10/S0160/BAC009S0160W0174_noise10.wav,noise_snr10,1,1,24,353
BAC009S0160W0174_ch8k,BAC009S0160W0174,S0160,augmented/channel_8k/S0160/BAC009S0160W0174_ch8k.wav,channel_8k,1,1,24,353
BAC009S0160W0343_noise10,BAC009S0160W0343,S0160,augmented/noise_snr10/S0160/BAC009S0160W0343_noise10.wav,noise_snr10,1,1,24,353
BAC009S0160W0343_ch8k,BAC009S0160W0343,S0160,augmented/channel_8k/S0160/BAC009S0160W0343_ch8k.wav,channel_8k,1,1,24,353
BAC009S0160W0314_noise10,BAC009S0160W0314,S0160,augmented/noise_snr10/S0160/BAC009S0160W0314_noise10.wav,noise_snr10,1,1,24,353
BAC009S0160W0314_ch8k,BAC009S0160W0314,S0160,augmented/channel_8k/S0160/BAC009S0160W0314_ch8k.wav,channel_8k,1,1,24,353
BAC009S0160W0122_noise10,BAC009S0160W0122,S0160,augmented/noise_snr10/S0160/BAC009S0160W0122_noise10.wav,noise_snr10,1,1,24,353
BAC009S0160W0122_ch8k,BAC009S0160W0122,S0160,augmented/channel_8k/S0160/BAC009S0160W0122_ch8k.wav,channel_8k,1,1,24,353
BAC009S0160W0375_noise10,BAC009S0160W0375,S0160,augmented/noise_snr10/S0160/BAC009S0160W0375_noise10.wav,noise_snr10,1,1,24,353
BAC009S0160W0375_ch8k,BAC009S0160W0375,S0160,augmented/channel_8k/S0160/BAC009S0160W0375_ch8k.wav,channel_8k,1,1,24,353
BAC009S0160W0249_noise10,BAC009S0160W0249,S0160,augmented/noise_snr10/S0160/BAC009S0160W0249_noise10.wav,noise_snr10,1,1,24,353
BAC009S0160W0249_ch8k,BAC009S0160W0249,S0160,augmented/channel_8k/S0160/BAC009S0160W0249_ch8k.wav,channel_8k,1,1,24,353
BAC009S0160W0448_noise10,BAC009S0160W0448,S0160,augmented/noise_snr10/S0160/BAC009S0160W0448_noise10.wav,noise_snr10,1,1,24,353
BAC009S0160W0448_ch8k,BAC009S0160W0448,S0160,augmented/channel_8k/S0160/BAC009S0160W0448_ch8k.wav,channel_8k,1,1,24,353
BAC009S0160W0205_noise10,BAC009S0160W0205,S0160,augmented/noise_snr10/S0160/BAC009S0160W0205_noise10.wav,noise_snr10,1,1,24,353
BAC009S0160W0205_ch8k,BAC009S0160W0205,S0160,augmented/channel_8k/S0160/BAC009S0160W0205_ch8k.wav,channel_8k,1,1,24,353
BAC009S0160W0271_noise10,BAC009S0160W0271,S0160,augmented/noise_snr10/S0160/BAC009S0160W0271_noise10.wav,noise_snr10,1,1,24,353
BAC009S0160W0271_ch8k,BAC009S0160W0271,S0160,augmented/channel_8k/S0160/BAC009S0160W0271_ch8k.wav,channel_8k,1,1,24,353
BAC009S0160W0404_noise10,BAC009S0160W0404,S0160,augmented/noise_snr10/S0160/BAC009S0160W0404_noise10.wav,noise_snr10,1,1,24,353
BAC009S0160W0404_ch8k,BAC009S0160W0404,S0160,augmented/channel_8k/S0160/BAC009S0160W0404_ch8k.wav,channel_8k,1,1,24,353
BAC009S0160W0155_noise10,BAC009S0160W0155,S0160,augmented/noise_snr10/S0160/BAC009S0160W0155_noise10.wav,noise_snr10,1,1,24,353
BAC009S0160W0155_ch8k,BAC009S0160W0155,S0160,augmented/channel_8k/S0160/BAC009S0160W0155_ch8k.wav,channel_8k,1,1,24,353
BAC009S0160W0260_noise10,BAC009S0160W0260,S0160,augmented/noise_snr10/S0160/BAC009S0160W0260_noise10.wav,noise_snr10,1,1,24,353
BAC009S0160W0260_ch8k,BAC009S0160W0260,S0160,augmented/channel_8k/S0160/BAC009S0160W0260_ch8k.wav,channel_8k,1,1,24,353
BAC009S0166W0435_noise10,BAC009S0166W0435,S0166,augmented/noise_snr10/S0166/BAC009S0166W0435_noise10.wav,noise_snr10,1,1,24,350
BAC009S0166W0435_ch8k,BAC009S0166W0435,S0166,augmented/channel_8k/S0166/BAC009S0166W0435_ch8k.wav,channel_8k,1,1,24,350
BAC009S0166W0377_noise10,BAC009S0166W0377,S0166,augmented/noise_snr10/S0166/BAC009S0166W0377_noise10.wav,noise_snr10,1,1,24,350
BAC009S0166W0377_ch8k,BAC009S0166W0377,S0166,augmented/channel_8k/S0166/BAC009S0166W0377_ch8k.wav,channel_8k,1,1,24,350
BAC009S0166W0413_noise10,BAC009S0166W0413,S0166,augmented/noise_snr10/S0166/BAC009S0166W0413_noise10.wav,noise_snr10,1,1,24,350
BAC009S0166W0413_ch8k,BAC009S0166W0413,S0166,augmented/channel_8k/S0166/BAC009S0166W0413_ch8k.wav,channel_8k,1,1,24,350
BAC009S0166W0209_noise10,BAC009S0166W0209,S0166,augmented/noise_snr10/S0166/BAC009S0166W0209_noise10.wav,noise_snr10,1,1,24,350
BAC009S0166W0209_ch8k,BAC009S0166W0209,S0166,augmented/channel_8k/S0166/BAC009S0166W0209_ch8k.wav,channel_8k,1,1,24,350
BAC009S0166W0230_noise10,BAC009S0166W0230,S0166,augmented/noise_snr10/S0166/BAC009S0166W0230_noise10.wav,noise_snr10,1,1,24,350
BAC009S0166W0230_ch8k,BAC009S0166W0230,S0166,augmented/channel_8k/S0166/BAC009S0166W0230_ch8k.wav,channel_8k,1,1,24,350
BAC009S0166W0336_noise10,BAC009S0166W0336,S0166,augmented/noise_snr10/S0166/BAC009S0166W0336_noise10.wav,noise_snr10,1,1,24,350
BAC009S0166W0336_ch8k,BAC009S0166W0336,S0166,augmented/channel_8k/S0166/BAC009S0166W0336_ch8k.wav,channel_8k,1,1,24,350
BAC009S0166W0315_noise10,BAC009S0166W0315,S0166,augmented/noise_snr10/S0166/BAC009S0166W0315_noise10.wav,noise_snr10,1,1,24,350
BAC009S0166W0315_ch8k,BAC009S0166W0315,S0166,augmented/channel_8k/S0166/BAC009S0166W0315_ch8k.wav,channel_8k,1,1,24,350
BAC009S0166W0260_noise10,BAC009S0166W0260,S0166,augmented/noise_snr10/S0166/BAC009S0166W0260_noise10.wav,noise_snr10,1,1,24,350
BAC009S0166W0260_ch8k,BAC009S0166W0260,S0166,augmented/channel_8k/S0166/BAC009S0166W0260_ch8k.wav,channel_8k,1,1,24,350
BAC009S0166W0174_noise10,BAC009S0166W0174,S0166,augmented/noise_snr10/S0166/BAC009S0166W0174_noise10.wav,noise_snr10,1,1,24,350
BAC009S0166W0174_ch8k,BAC009S0166W0174,S0166,augmented/channel_8k/S0166/BAC009S0166W0174_ch8k.wav,channel_8k,1,1,24,350
BAC009S0166W0466_noise10,BAC009S0166W0466,S0166,augmented/noise_snr10/S0166/BAC009S0166W0466_noise10.wav,noise_snr10,1,1,24,350
BAC009S0166W0466_ch8k,BAC009S0166W0466,S0166,augmented/channel_8k/S0166/BAC009S0166W0466_ch8k.wav,channel_8k,1,1,24,350
BAC009S0166W0318_noise10,BAC009S0166W0318,S0166,augmented/noise_snr10/S0166/BAC009S0166W0318_noise10.wav,noise_snr10,1,1,24,350
BAC009S0166W0318_ch8k,BAC009S0166W0318,S0166,augmented/channel_8k/S0166/BAC009S0166W0318_ch8k.wav,channel_8k,1,1,24,350
BAC009S0166W0323_noise10,BAC009S0166W0323,S0166,augmented/noise_snr10/S0166/BAC009S0166W0323_noise10.wav,noise_snr10,1,1,24,350
BAC009S0166W0323_ch8k,BAC009S0166W0323,S0166,augmented/channel_8k/S0166/BAC009S0166W0323_ch8k.wav,channel_8k,1,1,24,350
BAC009S0166W0193_noise10,BAC009S0166W0193,S0166,augmented/noise_snr10/S0166/BAC009S0166W0193_noise10.wav,noise_snr10,1,1,24,350
BAC009S0166W0193_ch8k,BAC009S0166W0193,S0166,augmented/channel_8k/S0166/BAC009S0166W0193_ch8k.wav,channel_8k,1,1,24,350
BAC009S0166W0409_noise10,BAC009S0166W0409,S0166,augmented/noise_snr10/S0166/BAC009S0166W0409_noise10.wav,noise_snr10,1,1,24,350
BAC009S0166W0409_ch8k,BAC009S0166W0409,S0166,augmented/channel_8k/S0166/BAC009S0166W0409_ch8k.wav,channel_8k,1,1,24,350
BAC009S0166W0342_noise10,BAC009S0166W0342,S0166,augmented/noise_snr10/S0166/BAC009S0166W0342_noise10.wav,noise_snr10,1,1,24,350
BAC009S0166W0342_ch8k,BAC009S0166W0342,S0166,augmented/channel_8k/S0166/BAC009S0166W0342_ch8k.wav,channel_8k,1,1,24,350
BAC009S0166W0381_noise10,BAC009S0166W0381,S0166,augmented/noise_snr10/S0166/BAC009S0166W0381_noise10.wav,noise_snr10,1,1,24,350
BAC009S0166W0381_ch8k,BAC009S0166W0381,S0166,augmented/channel_8k/S0166/BAC009S0166W0381_ch8k.wav,channel_8k,1,1,24,350
BAC009S0166W0240_noise10,BAC009S0166W0240,S0166,augmented/noise_snr10/S0166/BAC009S0166W0240_noise10.wav,noise_snr10,1,1,24,350
BAC009S0166W0240_ch8k,BAC009S0166W0240,S0166,augmented/channel_8k/S0166/BAC009S0166W0240_ch8k.wav,channel_8k,1,1,24,350
BAC009S0166W0257_noise10,BAC009S0166W0257,S0166,augmented/noise_snr10/S0166/BAC009S0166W0257_noise10.wav,noise_snr10,1,1,24,350
BAC009S0166W0257_ch8k,BAC009S0166W0257,S0166,augmented/channel_8k/S0166/BAC009S0166W0257_ch8k.wav,channel_8k,1,1,24,350
BAC009S0166W0147_noise10,BAC009S0166W0147,S0166,augmented/noise_snr10/S0166/BAC009S0166W0147_noise10.wav,noise_snr10,1,1,24,350
BAC009S0166W0147_ch8k,BAC009S0166W0147,S0166,augmented/channel_8k/S0166/BAC009S0166W0147_ch8k.wav,channel_8k,1,1,24,350
BAC009S0166W0457_noise10,BAC009S0166W0457,S0166,augmented/noise_snr10/S0166/BAC009S0166W0457_noise10.wav,noise_snr10,1,1,24,350
BAC009S0166W0457_ch8k,BAC009S0166W0457,S0166,augmented/channel_8k/S0166/BAC009S0166W0457_ch8k.wav,channel_8k,1,1,24,350
BAC009S0166W0135_noise10,BAC009S0166W0135,S0166,augmented/noise_snr10/S0166/BAC009S0166W0135_noise10.wav,noise_snr10,1,1,24,350
BAC009S0166W0135_ch8k,BAC009S0166W0135,S0166,augmented/channel_8k/S0166/BAC009S0166W0135_ch8k.wav,channel_8k,1,1,24,350
BAC009S0166W0495_noise10,BAC009S0166W0495,S0166,augmented/noise_snr10/S0166/BAC009S0166W0495_noise10.wav,noise_snr10,1,1,24,350
BAC009S0166W0495_ch8k,BAC009S0166W0495,S0166,augmented/channel_8k/S0166/BAC009S0166W0495_ch8k.wav,channel_8k,1,1,24,350
BAC009S0166W0436_noise10,BAC009S0166W0436,S0166,augmented/noise_snr10/S0166/BAC009S0166W0436_noise10.wav,noise_snr10,1,1,24,350
BAC009S0166W0436_ch8k,BAC009S0166W0436,S0166,augmented/channel_8k/S0166/BAC009S0166W0436_ch8k.wav,channel_8k,1,1,24,350
BAC009S0166W0175_noise10,BAC009S0166W0175,S0166,augmented/noise_snr10/S0166/BAC009S0166W0175_noise10.wav,noise_snr10,1,1,24,350
BAC009S0166W0175_ch8k,BAC009S0166W0175,S0166,augmented/channel_8k/S0166/BAC009S0166W0175_ch8k.wav,channel_8k,1,1,24,350
BAC009S0248W0477_noise10,BAC009S0248W0477,S0248,augmented/noise_snr10/S0248/BAC009S0248W0477_noise10.wav,noise_snr10,0,1,24,330
BAC009S0248W0477_ch8k,BAC009S0248W0477,S0248,augmented/channel_8k/S0248/BAC009S0248W0477_ch8k.wav,channel_8k,0,1,24,330
BAC009S0248W0388_noise10,BAC009S0248W0388,S0248,augmented/noise_snr10/S0248/BAC009S0248W0388_noise10.wav,noise_snr10,0,1,24,330
BAC009S0248W0388_ch8k,BAC009S0248W0388,S0248,augmented/channel_8k/S0248/BAC009S0248W0388_ch8k.wav,channel_8k,0,1,24,330
BAC009S0248W0404_noise10,BAC009S0248W0404,S0248,augmented/noise_snr10/S0248/BAC009S0248W0404_noise10.wav,noise_snr10,0,1,24,330
BAC009S0248W0404_ch8k,BAC009S0248W0404,S0248,augmented/channel_8k/S0248/BAC009S0248W0404_ch8k.wav,channel_8k,0,1,24,330
BAC009S0248W0352_noise10,BAC009S0248W0352,S0248,augmented/noise_snr10/S0248/BAC009S0248W0352_noise10.wav,noise_snr10,0,1,24,330
BAC009S0248W0352_ch8k,BAC009S0248W0352,S0248,augmented/channel_8k/S0248/BAC009S0248W0352_ch8k.wav,channel_8k,0,1,24,330
BAC009S0248W0126_noise10,BAC009S0248W0126,S0248,augmented/noise_snr10/S0248/BAC009S0248W0126_noise10.wav,noise_snr10,0,1,24,330
BAC009S0248W0126_ch8k,BAC009S0248W0126,S0248,augmented/channel_8k/S0248/BAC009S0248W0126_ch8k.wav,channel_8k,0,1,24,330
BAC009S0248W0291_noise10,BAC009S0248W0291,S0248,augmented/noise_snr10/S0248/BAC009S0248W0291_noise10.wav,noise_snr10,0,1,24,330
BAC009S0248W0291_ch8k,BAC009S0248W0291,S0248,augmented/channel_8k/S0248/BAC009S0248W0291_ch8k.wav,channel_8k,0,1,24,330
BAC009S0248W0414_noise10,BAC009S0248W0414,S0248,augmented/noise_snr10/S0248/BAC009S0248W0414_noise10.wav,noise_snr10,0,1,24,330
BAC009S0248W0414_ch8k,BAC009S0248W0414,S0248,augmented/channel_8k/S0248/BAC009S0248W0414_ch8k.wav,channel_8k,0,1,24,330
BAC009S0248W0138_noise10,BAC009S0248W0138,S0248,augmented/noise_snr10/S0248/BAC009S0248W0138_noise10.wav,noise_snr10,0,1,24,330
BAC009S0248W0138_ch8k,BAC009S0248W0138,S0248,augmented/channel_8k/S0248/BAC009S0248W0138_ch8k.wav,channel_8k,0,1,24,330
BAC009S0248W0122_noise10,BAC009S0248W0122,S0248,augmented/noise_snr10/S0248/BAC009S0248W0122_noise10.wav,noise_snr10,0,1,24,330
BAC009S0248W0122_ch8k,BAC009S0248W0122,S0248,augmented/channel_8k/S0248/BAC009S0248W0122_ch8k.wav,channel_8k,0,1,24,330
BAC009S0248W0370_noise10,BAC009S0248W0370,S0248,augmented/noise_snr10/S0248/BAC009S0248W0370_noise10.wav,noise_snr10,0,1,24,330
BAC009S0248W0370_ch8k,BAC009S0248W0370,S0248,augmented/channel_8k/S0248/BAC009S0248W0370_ch8k.wav,channel_8k,0,1,24,330
BAC009S0248W0306_noise10,BAC009S0248W0306,S0248,augmented/noise_snr10/S0248/BAC009S0248W0306_noise10.wav,noise_snr10,0,1,24,330
BAC009S0248W0306_ch8k,BAC009S0248W0306,S0248,augmented/channel_8k/S0248/BAC009S0248W0306_ch8k.wav,channel_8k,0,1,24,330
BAC009S0248W0351_noise10,BAC009S0248W0351,S0248,augmented/noise_snr10/S0248/BAC009S0248W0351_noise10.wav,noise_snr10,0,1,24,330
BAC009S0248W0351_ch8k,BAC009S0248W0351,S0248,augmented/channel_8k/S0248/BAC009S0248W0351_ch8k.wav,channel_8k,0,1,24,330
BAC009S0248W0161_noise10,BAC009S0248W0161,S0248,augmented/noise_snr10/S0248/BAC009S0248W0161_noise10.wav,noise_snr10,0,1,24,330
BAC009S0248W0161_ch8k,BAC009S0248W0161,S0248,augmented/channel_8k/S0248/BAC009S0248W0161_ch8k.wav,channel_8k,0,1,24,330
BAC009S0248W0176_noise10,BAC009S0248W0176,S0248,augmented/noise_snr10/S0248/BAC009S0248W0176_noise10.wav,noise_snr10,0,1,24,330
BAC009S0248W0176_ch8k,BAC009S0248W0176,S0248,augmented/channel_8k/S0248/BAC009S0248W0176_ch8k.wav,channel_8k,0,1,24,330
BAC009S0248W0246_noise10,BAC009S0248W0246,S0248,augmented/noise_snr10/S0248/BAC009S0248W0246_noise10.wav,noise_snr10,0,1,24,330
BAC009S0248W0246_ch8k,BAC009S0248W0246,S0248,augmented/channel_8k/S0248/BAC009S0248W0246_ch8k.wav,channel_8k,0,1,24,330
BAC009S0248W0327_noise10,BAC009S0248W0327,S0248,augmented/noise_snr10/S0248/BAC009S0248W0327_noise10.wav,noise_snr10,0,1,24,330
BAC009S0248W0327_ch8k,BAC009S0248W0327,S0248,augmented/channel_8k/S0248/BAC009S0248W0327_ch8k.wav,channel_8k,0,1,24,330
BAC009S0248W0346_noise10,BAC009S0248W0346,S0248,augmented/noise_snr10/S0248/BAC009S0248W0346_noise10.wav,noise_snr10,0,1,24,330
BAC009S0248W0346_ch8k,BAC009S0248W0346,S0248,augmented/channel_8k/S0248/BAC009S0248W0346_ch8k.wav,channel_8k,0,1,24,330
BAC009S0248W0486_noise10,BAC009S0248W0486,S0248,augmented/noise_snr10/S0248/BAC009S0248W0486_noise10.wav,noise_snr10,0,1,24,330
BAC009S0248W0486_ch8k,BAC009S0248W0486,S0248,augmented/channel_8k/S0248/BAC009S0248W0486_ch8k.wav,channel_8k,0,1,24,330
BAC009S0248W0150_noise10,BAC009S0248W0150,S0248,augmented/noise_snr10/S0248/BAC009S0248W0150_noise10.wav,noise_snr10,0,1,24,330
BAC009S0248W0150_ch8k,BAC009S0248W0150,S0248,augmented/channel_8k/S0248/BAC009S0248W0150_ch8k.wav,channel_8k,0,1,24,330
BAC009S0248W0292_noise10,BAC009S0248W0292,S0248,augmented/noise_snr10/S0248/BAC009S0248W0292_noise10.wav,noise_snr10,0,1,24,330
BAC009S0248W0292_ch8k,BAC009S0248W0292,S0248,augmented/channel_8k/S0248/BAC009S0248W0292_ch8k.wav,channel_8k,0,1,24,330
BAC009S0248W0471_noise10,BAC009S0248W0471,S0248,augmented/noise_snr10/S0248/BAC009S0248W0471_noise10.wav,noise_snr10,0,1,24,330
BAC009S0248W0471_ch8k,BAC009S0248W0471,S0248,augmented/channel_8k/S0248/BAC009S0248W0471_ch8k.wav,channel_8k,0,1,24,330
BAC009S0248W0133_noise10,BAC009S0248W0133,S0248,augmented/noise_snr10/S0248/BAC009S0248W0133_noise10.wav,noise_snr10,0,1,24,330
BAC009S0248W0133_ch8k,BAC009S0248W0133,S0248,augmented/channel_8k/S0248/BAC009S0248W0133_ch8k.wav,channel_8k,0,1,24,330
BAC009S0248W0495_noise10,BAC009S0248W0495,S0248,augmented/noise_snr10/S0248/BAC009S0248W0495_noise10.wav,noise_snr10,0,1,24,330
BAC009S0248W0495_ch8k,BAC009S0248W0495,S0248,augmented/channel_8k/S0248/BAC009S0248W0495_ch8k.wav,channel_8k,0,1,24,330
BAC009S0248W0206_noise10,BAC009S0248W0206,S0248,augmented/noise_snr10/S0248/BAC009S0248W0206_noise10.wav,noise_snr10,0,1,24,330
BAC009S0248W0206_ch8k,BAC009S0248W0206,S0248,augmented/channel_8k/S0248/BAC009S0248W0206_ch8k.wav,channel_8k,0,1,24,330
BAC009S0230W0278_noise10,BAC009S0230W0278,S0230,augmented/noise_snr10/S0230/BAC009S0230W0278_noise10.wav,noise_snr10,1,1,24,370
BAC009S0230W0278_ch8k,BAC009S0230W0278,S0230,augmented/channel_8k/S0230/BAC009S0230W0278_ch8k.wav,channel_8k,1,1,24,370
BAC009S0230W0379_noise10,BAC009S0230W0379,S0230,augmented/noise_snr10/S0230/BAC009S0230W0379_noise10.wav,noise_snr10,1,1,24,370
BAC009S0230W0379_ch8k,BAC009S0230W0379,S0230,augmented/channel_8k/S0230/BAC009S0230W0379_ch8k.wav,channel_8k,1,1,24,370
BAC009S0230W0124_noise10,BAC009S0230W0124,S0230,augmented/noise_snr10/S0230/BAC009S0230W0124_noise10.wav,noise_snr10,1,1,24,370
BAC009S0230W0124_ch8k,BAC009S0230W0124,S0230,augmented/channel_8k/S0230/BAC009S0230W0124_ch8k.wav,channel_8k,1,1,24,370
BAC009S0230W0265_noise10,BAC009S0230W0265,S0230,augmented/noise_snr10/S0230/BAC009S0230W0265_noise10.wav,noise_snr10,1,1,24,370
BAC009S0230W0265_ch8k,BAC009S0230W0265,S0230,augmented/channel_8k/S0230/BAC009S0230W0265_ch8k.wav,channel_8k,1,1,24,370
BAC009S0230W0474_noise10,BAC009S0230W0474,S0230,augmented/noise_snr10/S0230/BAC009S0230W0474_noise10.wav,noise_snr10,1,1,24,370
BAC009S0230W0474_ch8k,BAC009S0230W0474,S0230,augmented/channel_8k/S0230/BAC009S0230W0474_ch8k.wav,channel_8k,1,1,24,370
BAC009S0230W0135_noise10,BAC009S0230W0135,S0230,augmented/noise_snr10/S0230/BAC009S0230W0135_noise10.wav,noise_snr10,1,1,24,370
BAC009S0230W0135_ch8k,BAC009S0230W0135,S0230,augmented/channel_8k/S0230/BAC009S0230W0135_ch8k.wav,channel_8k,1,1,24,370
BAC009S0230W0354_noise10,BAC009S0230W0354,S0230,augmented/noise_snr10/S0230/BAC009S0230W0354_noise10.wav,noise_snr10,1,1,24,370
BAC009S0230W0354_ch8k,BAC009S0230W0354,S0230,augmented/channel_8k/S0230/BAC009S0230W0354_ch8k.wav,channel_8k,1,1,24,370
BAC009S0230W0361_noise10,BAC009S0230W0361,S0230,augmented/noise_snr10/S0230/BAC009S0230W0361_noise10.wav,noise_snr10,1,1,24,370
BAC009S0230W0361_ch8k,BAC009S0230W0361,S0230,augmented/channel_8k/S0230/BAC009S0230W0361_ch8k.wav,channel_8k,1,1,24,370
BAC009S0230W0210_noise10,BAC009S0230W0210,S0230,augmented/noise_snr10/S0230/BAC009S0230W0210_noise10.wav,noise_snr10,1,1,24,370
BAC009S0230W0210_ch8k,BAC009S0230W0210,S0230,augmented/channel_8k/S0230/BAC009S0230W0210_ch8k.wav,channel_8k,1,1,24,370
BAC009S0230W0396_noise10,BAC009S0230W0396,S0230,augmented/noise_snr10/S0230/BAC009S0230W0396_noise10.wav,noise_snr10,1,1,24,370
BAC009S0230W0396_ch8k,BAC009S0230W0396,S0230,augmented/channel_8k/S0230/BAC009S0230W0396_ch8k.wav,channel_8k,1,1,24,370
BAC009S0230W0384_noise10,BAC009S0230W0384,S0230,augmented/noise_snr10/S0230/BAC009S0230W0384_noise10.wav,noise_snr10,1,1,24,370
BAC009S0230W0384_ch8k,BAC009S0230W0384,S0230,augmented/channel_8k/S0230/BAC009S0230W0384_ch8k.wav,channel_8k,1,1,24,370
BAC009S0230W0217_noise10,BAC009S0230W0217,S0230,augmented/noise_snr10/S0230/BAC009S0230W0217_noise10.wav,noise_snr10,1,1,24,370
BAC009S0230W0217_ch8k,BAC009S0230W0217,S0230,augmented/channel_8k/S0230/BAC009S0230W0217_ch8k.wav,channel_8k,1,1,24,370
BAC009S0230W0173_noise10,BAC009S0230W0173,S0230,augmented/noise_snr10/S0230/BAC009S0230W0173_noise10.wav,noise_snr10,1,1,24,370
BAC009S0230W0173_ch8k,BAC009S0230W0173,S0230,augmented/channel_8k/S0230/BAC009S0230W0173_ch8k.wav,channel_8k,1,1,24,370
BAC009S0230W0318_noise10,BAC009S0230W0318,S0230,augmented/noise_snr10/S0230/BAC009S0230W0318_noise10.wav,noise_snr10,1,1,24,370
BAC009S0230W0318_ch8k,BAC009S0230W0318,S0230,augmented/channel_8k/S0230/BAC009S0230W0318_ch8k.wav,channel_8k,1,1,24,370
BAC009S0230W0286_noise10,BAC009S0230W0286,S0230,augmented/noise_snr10/S0230/BAC009S0230W0286_noise10.wav,noise_snr10,1,1,24,370
BAC009S0230W0286_ch8k,BAC009S0230W0286,S0230,augmented/channel_8k/S0230/BAC009S0230W0286_ch8k.wav,channel_8k,1,1,24,370
BAC009S0230W0473_noise10,BAC009S0230W0473,S0230,augmented/noise_snr10/S0230/BAC009S0230W0473_noise10.wav,noise_snr10,1,1,24,370
BAC009S0230W0473_ch8k,BAC009S0230W0473,S0230,augmented/channel_8k/S0230/BAC009S0230W0473_ch8k.wav,channel_8k,1,1,24,370
BAC009S0230W0158_noise10,BAC009S0230W0158,S0230,augmented/noise_snr10/S0230/BAC009S0230W0158_noise10.wav,noise_snr10,1,1,24,370
BAC009S0230W0158_ch8k,BAC009S0230W0158,S0230,augmented/channel_8k/S0230/BAC009S0230W0158_ch8k.wav,channel_8k,1,1,24,370
BAC009S0230W0495_noise10,BAC009S0230W0495,S0230,augmented/noise_snr10/S0230/BAC009S0230W0495_noise10.wav,noise_snr10,1,1,24,370
BAC009S0230W0495_ch8k,BAC009S0230W0495,S0230,augmented/channel_8k/S0230/BAC009S0230W0495_ch8k.wav,channel_8k,1,1,24,370
BAC009S0230W0190_noise10,BAC009S0230W0190,S0230,augmented/noise_snr10/S0230/BAC009S0230W0190_noise10.wav,noise_snr10,1,1,24,370
BAC009S0230W0190_ch8k,BAC009S0230W0190,S0230,augmented/channel_8k/S0230/BAC009S0230W0190_ch8k.wav,channel_8k,1,1,24,370
BAC009S0230W0352_noise10,BAC009S0230W0352,S0230,augmented/noise_snr10/S0230/BAC009S0230W0352_noise10.wav,noise_snr10,1,1,24,370
BAC009S0230W0352_ch8k,BAC009S0230W0352,S0230,augmented/channel_8k/S0230/BAC009S0230W0352_ch8k.wav,channel_8k,1,1,24,370
BAC009S0230W0405_noise10,BAC009S0230W0405,S0230,augmented/noise_snr10/S0230/BAC009S0230W0405_noise10.wav,noise_snr10,1,1,24,370
BAC009S0230W0405_ch8k,BAC009S0230W0405,S0230,augmented/channel_8k/S0230/BAC009S0230W0405_ch8k.wav,channel_8k,1,1,24,370
BAC009S0230W0491_noise10,BAC009S0230W0491,S0230,augmented/noise_snr10/S0230/BAC009S0230W0491_noise10.wav,noise_snr10,1,1,24,370
BAC009S0230W0491_ch8k,BAC009S0230W0491,S0230,augmented/channel_8k/S0230/BAC009S0230W0491_ch8k.wav,channel_8k,1,1,24,370
BAC009S0230W0152_noise10,BAC009S0230W0152,S0230,augmented/noise_snr10/S0230/BAC009S0230W0152_noise10.wav,noise_snr10,1,1,24,370
BAC009S0230W0152_ch8k,BAC009S0230W0152,S0230,augmented/channel_8k/S0230/BAC009S0230W0152_ch8k.wav,channel_8k,1,1,24,370
BAC009S0230W0432_noise10,BAC009S0230W0432,S0230,augmented/noise_snr10/S0230/BAC009S0230W0432_noise10.wav,noise_snr10,1,1,24,370
BAC009S0230W0432_ch8k,BAC009S0230W0432,S0230,augmented/channel_8k/S0230/BAC009S0230W0432_ch8k.wav,channel_8k,1,1,24,370
BAC009S0192W0233_noise10,BAC009S0192W0233,S0192,augmented/noise_snr10/S0192/BAC009S0192W0233_noise10.wav,noise_snr10,1,1,24,332
BAC009S0192W0233_ch8k,BAC009S0192W0233,S0192,augmented/channel_8k/S0192/BAC009S0192W0233_ch8k.wav,channel_8k,1,1,24,332
BAC009S0192W0175_noise10,BAC009S0192W0175,S0192,augmented/noise_snr10/S0192/BAC009S0192W0175_noise10.wav,noise_snr10,1,1,24,332
BAC009S0192W0175_ch8k,BAC009S0192W0175,S0192,augmented/channel_8k/S0192/BAC009S0192W0175_ch8k.wav,channel_8k,1,1,24,332
BAC009S0192W0382_noise10,BAC009S0192W0382,S0192,augmented/noise_snr10/S0192/BAC009S0192W0382_noise10.wav,noise_snr10,1,1,24,332
BAC009S0192W0382_ch8k,BAC009S0192W0382,S0192,augmented/channel_8k/S0192/BAC009S0192W0382_ch8k.wav,channel_8k,1,1,24,332
BAC009S0192W0132_noise10,BAC009S0192W0132,S0192,augmented/noise_snr10/S0192/BAC009S0192W0132_noise10.wav,noise_snr10,1,1,24,332
BAC009S0192W0132_ch8k,BAC009S0192W0132,S0192,augmented/channel_8k/S0192/BAC009S0192W0132_ch8k.wav,channel_8k,1,1,24,332
BAC009S0192W0399_noise10,BAC009S0192W0399,S0192,augmented/noise_snr10/S0192/BAC009S0192W0399_noise10.wav,noise_snr10,1,1,24,332
BAC009S0192W0399_ch8k,BAC009S0192W0399,S0192,augmented/channel_8k/S0192/BAC009S0192W0399_ch8k.wav,channel_8k,1,1,24,332
BAC009S0192W0398_noise10,BAC009S0192W0398,S0192,augmented/noise_snr10/S0192/BAC009S0192W0398_noise10.wav,noise_snr10,1,1,24,332
BAC009S0192W0398_ch8k,BAC009S0192W0398,S0192,augmented/channel_8k/S0192/BAC009S0192W0398_ch8k.wav,channel_8k,1,1,24,332
BAC009S0192W0240_noise10,BAC009S0192W0240,S0192,augmented/noise_snr10/S0192/BAC009S0192W0240_noise10.wav,noise_snr10,1,1,24,332
BAC009S0192W0240_ch8k,BAC009S0192W0240,S0192,augmented/channel_8k/S0192/BAC009S0192W0240_ch8k.wav,channel_8k,1,1,24,332
BAC009S0192W0241_noise10,BAC009S0192W0241,S0192,augmented/noise_snr10/S0192/BAC009S0192W0241_noise10.wav,noise_snr10,1,1,24,332
BAC009S0192W0241_ch8k,BAC009S0192W0241,S0192,augmented/channel_8k/S0192/BAC009S0192W0241_ch8k.wav,channel_8k,1,1,24,332
BAC009S0192W0238_noise10,BAC009S0192W0238,S0192,augmented/noise_snr10/S0192/BAC009S0192W0238_noise10.wav,noise_snr10,1,1,24,332
BAC009S0192W0238_ch8k,BAC009S0192W0238,S0192,augmented/channel_8k/S0192/BAC009S0192W0238_ch8k.wav,channel_8k,1,1,24,332
BAC009S0192W0438_noise10,BAC009S0192W0438,S0192,augmented/noise_snr10/S0192/BAC009S0192W0438_noise10.wav,noise_snr10,1,1,24,332
BAC009S0192W0438_ch8k,BAC009S0192W0438,S0192,augmented/channel_8k/S0192/BAC009S0192W0438_ch8k.wav,channel_8k,1,1,24,332
BAC009S0192W0220_noise10,BAC009S0192W0220,S0192,augmented/noise_snr10/S0192/BAC009S0192W0220_noise10.wav,noise_snr10,1,1,24,332
BAC009S0192W0220_ch8k,BAC009S0192W0220,S0192,augmented/channel_8k/S0192/BAC009S0192W0220_ch8k.wav,channel_8k,1,1,24,332
BAC009S0192W0345_noise10,BAC009S0192W0345,S0192,augmented/noise_snr10/S0192/BAC009S0192W0345_noise10.wav,noise_snr10,1,1,24,332
BAC009S0192W0345_ch8k,BAC009S0192W0345,S0192,augmented/channel_8k/S0192/BAC009S0192W0345_ch8k.wav,channel_8k,1,1,24,332
BAC009S0192W0136_noise10,BAC009S0192W0136,S0192,augmented/noise_snr10/S0192/BAC009S0192W0136_noise10.wav,noise_snr10,1,1,24,332
BAC009S0192W0136_ch8k,BAC009S0192W0136,S0192,augmented/channel_8k/S0192/BAC009S0192W0136_ch8k.wav,channel_8k,1,1,24,332
BAC009S0192W0307_noise10,BAC009S0192W0307,S0192,augmented/noise_snr10/S0192/BAC009S0192W0307_noise10.wav,noise_snr10,1,1,24,332
BAC009S0192W0307_ch8k,BAC009S0192W0307,S0192,augmented/channel_8k/S0192/BAC009S0192W0307_ch8k.wav,channel_8k,1,1,24,332
BAC009S0192W0377_noise10,BAC009S0192W0377,S0192,augmented/noise_snr10/S0192/BAC009S0192W0377_noise10.wav,noise_snr10,1,1,24,332
BAC009S0192W0377_ch8k,BAC009S0192W0377,S0192,augmented/channel_8k/S0192/BAC009S0192W0377_ch8k.wav,channel_8k,1,1,24,332
BAC009S0192W0461_noise10,BAC009S0192W0461,S0192,augmented/noise_snr10/S0192/BAC009S0192W0461_noise10.wav,noise_snr10,1,1,24,332
BAC009S0192W0461_ch8k,BAC009S0192W0461,S0192,augmented/channel_8k/S0192/BAC009S0192W0461_ch8k.wav,channel_8k,1,1,24,332
BAC009S0192W0231_noise10,BAC009S0192W0231,S0192,augmented/noise_snr10/S0192/BAC009S0192W0231_noise10.wav,noise_snr10,1,1,24,332
BAC009S0192W0231_ch8k,BAC009S0192W0231,S0192,augmented/channel_8k/S0192/BAC009S0192W0231_ch8k.wav,channel_8k,1,1,24,332
BAC009S0192W0424_noise10,BAC009S0192W0424,S0192,augmented/noise_snr10/S0192/BAC009S0192W0424_noise10.wav,noise_snr10,1,1,24,332
BAC009S0192W0424_ch8k,BAC009S0192W0424,S0192,augmented/channel_8k/S0192/BAC009S0192W0424_ch8k.wav,channel_8k,1,1,24,332
BAC009S0192W0440_noise10,BAC009S0192W0440,S0192,augmented/noise_snr10/S0192/BAC009S0192W0440_noise10.wav,noise_snr10,1,1,24,332
BAC009S0192W0440_ch8k,BAC009S0192W0440,S0192,augmented/channel_8k/S0192/BAC009S0192W0440_ch8k.wav,channel_8k,1,1,24,332
BAC009S0192W0216_noise10,BAC009S0192W0216,S0192,augmented/noise_snr10/S0192/BAC009S0192W0216_noise10.wav,noise_snr10,1,1,24,332
BAC009S0192W0216_ch8k,BAC009S0192W0216,S0192,augmented/channel_8k/S0192/BAC009S0192W0216_ch8k.wav,channel_8k,1,1,24,332
BAC009S0192W0234_noise10,BAC009S0192W0234,S0192,augmented/noise_snr10/S0192/BAC009S0192W0234_noise10.wav,noise_snr10,1,1,24,332
BAC009S0192W0234_ch8k,BAC009S0192W0234,S0192,augmented/channel_8k/S0192/BAC009S0192W0234_ch8k.wav,channel_8k,1,1,24,332
BAC009S0192W0387_noise10,BAC009S0192W0387,S0192,augmented/noise_snr10/S0192/BAC009S0192W0387_noise10.wav,noise_snr10,1,1,24,332
BAC009S0192W0387_ch8k,BAC009S0192W0387,S0192,augmented/channel_8k/S0192/BAC009S0192W0387_ch8k.wav,channel_8k,1,1,24,332
BAC009S0192W0160_noise10,BAC009S0192W0160,S0192,augmented/noise_snr10/S0192/BAC009S0192W0160_noise10.wav,noise_snr10,1,1,24,332
BAC009S0192W0160_ch8k,BAC009S0192W0160,S0192,augmented/channel_8k/S0192/BAC009S0192W0160_ch8k.wav,channel_8k,1,1,24,332
BAC009S0192W0425_noise10,BAC009S0192W0425,S0192,augmented/noise_snr10/S0192/BAC009S0192W0425_noise10.wav,noise_snr10,1,1,24,332
BAC009S0192W0425_ch8k,BAC009S0192W0425,S0192,augmented/channel_8k/S0192/BAC009S0192W0425_ch8k.wav,channel_8k,1,1,24,332
BAC009S0124W0197_noise10,BAC009S0124W0197,S0124,augmented/noise_snr10/S0124/BAC009S0124W0197_noise10.wav,noise_snr10,1,1,24,347
BAC009S0124W0197_ch8k,BAC009S0124W0197,S0124,augmented/channel_8k/S0124/BAC009S0124W0197_ch8k.wav,channel_8k,1,1,24,347
BAC009S0124W0160_noise10,BAC009S0124W0160,S0124,augmented/noise_snr10/S0124/BAC009S0124W0160_noise10.wav,noise_snr10,1,1,24,347
BAC009S0124W0160_ch8k,BAC009S0124W0160,S0124,augmented/channel_8k/S0124/BAC009S0124W0160_ch8k.wav,channel_8k,1,1,24,347
BAC009S0124W0212_noise10,BAC009S0124W0212,S0124,augmented/noise_snr10/S0124/BAC009S0124W0212_noise10.wav,noise_snr10,1,1,24,347
BAC009S0124W0212_ch8k,BAC009S0124W0212,S0124,augmented/channel_8k/S0124/BAC009S0124W0212_ch8k.wav,channel_8k,1,1,24,347
BAC009S0124W0483_noise10,BAC009S0124W0483,S0124,augmented/noise_snr10/S0124/BAC009S0124W0483_noise10.wav,noise_snr10,1,1,24,347
BAC009S0124W0483_ch8k,BAC009S0124W0483,S0124,augmented/channel_8k/S0124/BAC009S0124W0483_ch8k.wav,channel_8k,1,1,24,347
BAC009S0124W0306_noise10,BAC009S0124W0306,S0124,augmented/noise_snr10/S0124/BAC009S0124W0306_noise10.wav,noise_snr10,1,1,24,347
BAC009S0124W0306_ch8k,BAC009S0124W0306,S0124,augmented/channel_8k/S0124/BAC009S0124W0306_ch8k.wav,channel_8k,1,1,24,347
BAC009S0124W0400_noise10,BAC009S0124W0400,S0124,augmented/noise_snr10/S0124/BAC009S0124W0400_noise10.wav,noise_snr10,1,1,24,347
BAC009S0124W0400_ch8k,BAC009S0124W0400,S0124,augmented/channel_8k/S0124/BAC009S0124W0400_ch8k.wav,channel_8k,1,1,24,347
BAC009S0124W0165_noise10,BAC009S0124W0165,S0124,augmented/noise_snr10/S0124/BAC009S0124W0165_noise10.wav,noise_snr10,1,1,24,347
BAC009S0124W0165_ch8k,BAC009S0124W0165,S0124,augmented/channel_8k/S0124/BAC009S0124W0165_ch8k.wav,channel_8k,1,1,24,347
BAC009S0124W0194_noise10,BAC009S0124W0194,S0124,augmented/noise_snr10/S0124/BAC009S0124W0194_noise10.wav,noise_snr10,1,1,24,347
BAC009S0124W0194_ch8k,BAC009S0124W0194,S0124,augmented/channel_8k/S0124/BAC009S0124W0194_ch8k.wav,channel_8k,1,1,24,347
BAC009S0124W0361_noise10,BAC009S0124W0361,S0124,augmented/noise_snr10/S0124/BAC009S0124W0361_noise10.wav,noise_snr10,1,1,24,347
BAC009S0124W0361_ch8k,BAC009S0124W0361,S0124,augmented/channel_8k/S0124/BAC009S0124W0361_ch8k.wav,channel_8k,1,1,24,347
BAC009S0124W0171_noise10,BAC009S0124W0171,S0124,augmented/noise_snr10/S0124/BAC009S0124W0171_noise10.wav,noise_snr10,1,1,24,347
BAC009S0124W0171_ch8k,BAC009S0124W0171,S0124,augmented/channel_8k/S0124/BAC009S0124W0171_ch8k.wav,channel_8k,1,1,24,347
BAC009S0124W0129_noise10,BAC009S0124W0129,S0124,augmented/noise_snr10/S0124/BAC009S0124W0129_noise10.wav,noise_snr10,1,1,24,347
BAC009S0124W0129_ch8k,BAC009S0124W0129,S0124,augmented/channel_8k/S0124/BAC009S0124W0129_ch8k.wav,channel_8k,1,1,24,347
BAC009S0124W0379_noise10,BAC009S0124W0379,S0124,augmented/noise_snr10/S0124/BAC009S0124W0379_noise10.wav,noise_snr10,1,1,24,347
BAC009S0124W0379_ch8k,BAC009S0124W0379,S0124,augmented/channel_8k/S0124/BAC009S0124W0379_ch8k.wav,channel_8k,1,1,24,347
BAC009S0124W0177_noise10,BAC009S0124W0177,S0124,augmented/noise_snr10/S0124/BAC009S0124W0177_noise10.wav,noise_snr10,1,1,24,347
BAC009S0124W0177_ch8k,BAC009S0124W0177,S0124,augmented/channel_8k/S0124/BAC009S0124W0177_ch8k.wav,channel_8k,1,1,24,347
BAC009S0124W0491_noise10,BAC009S0124W0491,S0124,augmented/noise_snr10/S0124/BAC009S0124W0491_noise10.wav,noise_snr10,1,1,24,347
BAC009S0124W0491_ch8k,BAC009S0124W0491,S0124,augmented/channel_8k/S0124/BAC009S0124W0491_ch8k.wav,channel_8k,1,1,24,347
BAC009S0124W0365_noise10,BAC009S0124W0365,S0124,augmented/noise_snr10/S0124/BAC009S0124W0365_noise10.wav,noise_snr10,1,1,24,347
BAC009S0124W0365_ch8k,BAC009S0124W0365,S0124,augmented/channel_8k/S0124/BAC009S0124W0365_ch8k.wav,channel_8k,1,1,24,347
BAC009S0124W0238_noise10,BAC009S0124W0238,S0124,augmented/noise_snr10/S0124/BAC009S0124W0238_noise10.wav,noise_snr10,1,1,24,347
BAC009S0124W0238_ch8k,BAC009S0124W0238,S0124,augmented/channel_8k/S0124/BAC009S0124W0238_ch8k.wav,channel_8k,1,1,24,347
BAC009S0124W0130_noise10,BAC009S0124W0130,S0124,augmented/noise_snr10/S0124/BAC009S0124W0130_noise10.wav,noise_snr10,1,1,24,347
BAC009S0124W0130_ch8k,BAC009S0124W0130,S0124,augmented/channel_8k/S0124/BAC009S0124W0130_ch8k.wav,channel_8k,1,1,24,347
BAC009S0124W0298_noise10,BAC009S0124W0298,S0124,augmented/noise_snr10/S0124/BAC009S0124W0298_noise10.wav,noise_snr10,1,1,24,347
BAC009S0124W0298_ch8k,BAC009S0124W0298,S0124,augmented/channel_8k/S0124/BAC009S0124W0298_ch8k.wav,channel_8k,1,1,24,347
BAC009S0124W0395_noise10,BAC009S0124W0395,S0124,augmented/noise_snr10/S0124/BAC009S0124W0395_noise10.wav,noise_snr10,1,1,24,347
BAC009S0124W0395_ch8k,BAC009S0124W0395,S0124,augmented/channel_8k/S0124/BAC009S0124W0395_ch8k.wav,channel_8k,1,1,24,347
BAC009S0124W0340_noise10,BAC009S0124W0340,S0124,augmented/noise_snr10/S0124/BAC009S0124W0340_noise10.wav,noise_snr10,1,1,24,347
BAC009S0124W0340_ch8k,BAC009S0124W0340,S0124,augmented/channel_8k/S0124/BAC009S0124W0340_ch8k.wav,channel_8k,1,1,24,347
BAC009S0124W0121_noise10,BAC009S0124W0121,S0124,augmented/noise_snr10/S0124/BAC009S0124W0121_noise10.wav,noise_snr10,1,1,24,347
BAC009S0124W0121_ch8k,BAC009S0124W0121,S0124,augmented/channel_8k/S0124/BAC009S0124W0121_ch8k.wav,channel_8k,1,1,24,347
BAC009S0124W0219_noise10,BAC009S0124W0219,S0124,augmented/noise_snr10/S0124/BAC009S0124W0219_noise10.wav,noise_snr10,1,1,24,347
BAC009S0124W0219_ch8k,BAC009S0124W0219,S0124,augmented/channel_8k/S0124/BAC009S0124W0219_ch8k.wav,channel_8k,1,1,24,347
BAC009S0124W0378_noise10,BAC009S0124W0378,S0124,augmented/noise_snr10/S0124/BAC009S0124W0378_noise10.wav,noise_snr10,1,1,24,347
BAC009S0124W0378_ch8k,BAC009S0124W0378,S0124,augmented/channel_8k/S0124/BAC009S0124W0378_ch8k.wav,channel_8k,1,1,24,347
BAC009S0124W0363_noise10,BAC009S0124W0363,S0124,augmented/noise_snr10/S0124/BAC009S0124W0363_noise10.wav,noise_snr10,1,1,24,347
BAC009S0124W0363_ch8k,BAC009S0124W0363,S0124,augmented/channel_8k/S0124/BAC009S0124W0363_ch8k.wav,channel_8k,1,1,24,347
BAC009S0340W0266_noise10,BAC009S0340W0266,S0340,augmented/noise_snr10/S0340/BAC009S0340W0266_noise10.wav,noise_snr10,1,1,24,366
BAC009S0340W0266_ch8k,BAC009S0340W0266,S0340,augmented/channel_8k/S0340/BAC009S0340W0266_ch8k.wav,channel_8k,1,1,24,366
BAC009S0340W0150_noise10,BAC009S0340W0150,S0340,augmented/noise_snr10/S0340/BAC009S0340W0150_noise10.wav,noise_snr10,1,1,24,366
BAC009S0340W0150_ch8k,BAC009S0340W0150,S0340,augmented/channel_8k/S0340/BAC009S0340W0150_ch8k.wav,channel_8k,1,1,24,366
BAC009S0340W0229_noise10,BAC009S0340W0229,S0340,augmented/noise_snr10/S0340/BAC009S0340W0229_noise10.wav,noise_snr10,1,1,24,366
BAC009S0340W0229_ch8k,BAC009S0340W0229,S0340,augmented/channel_8k/S0340/BAC009S0340W0229_ch8k.wav,channel_8k,1,1,24,366
BAC009S0340W0385_noise10,BAC009S0340W0385,S0340,augmented/noise_snr10/S0340/BAC009S0340W0385_noise10.wav,noise_snr10,1,1,24,366
BAC009S0340W0385_ch8k,BAC009S0340W0385,S0340,augmented/channel_8k/S0340/BAC009S0340W0385_ch8k.wav,channel_8k,1,1,24,366
BAC009S0340W0179_noise10,BAC009S0340W0179,S0340,augmented/noise_snr10/S0340/BAC009S0340W0179_noise10.wav,noise_snr10,1,1,24,366
BAC009S0340W0179_ch8k,BAC009S0340W0179,S0340,augmented/channel_8k/S0340/BAC009S0340W0179_ch8k.wav,channel_8k,1,1,24,366
BAC009S0340W0134_noise10,BAC009S0340W0134,S0340,augmented/noise_snr10/S0340/BAC009S0340W0134_noise10.wav,noise_snr10,1,1,24,366
BAC009S0340W0134_ch8k,BAC009S0340W0134,S0340,augmented/channel_8k/S0340/BAC009S0340W0134_ch8k.wav,channel_8k,1,1,24,366
BAC009S0340W0384_noise10,BAC009S0340W0384,S0340,augmented/noise_snr10/S0340/BAC009S0340W0384_noise10.wav,noise_snr10,1,1,24,366
BAC009S0340W0384_ch8k,BAC009S0340W0384,S0340,augmented/channel_8k/S0340/BAC009S0340W0384_ch8k.wav,channel_8k,1,1,24,366
BAC009S0340W0255_noise10,BAC009S0340W0255,S0340,augmented/noise_snr10/S0340/BAC009S0340W0255_noise10.wav,noise_snr10,1,1,24,366
BAC009S0340W0255_ch8k,BAC009S0340W0255,S0340,augmented/channel_8k/S0340/BAC009S0340W0255_ch8k.wav,channel_8k,1,1,24,366
BAC009S0340W0337_noise10,BAC009S0340W0337,S0340,augmented/noise_snr10/S0340/BAC009S0340W0337_noise10.wav,noise_snr10,1,1,24,366
BAC009S0340W0337_ch8k,BAC009S0340W0337,S0340,augmented/channel_8k/S0340/BAC009S0340W0337_ch8k.wav,channel_8k,1,1,24,366
BAC009S0340W0227_noise10,BAC009S0340W0227,S0340,augmented/noise_snr10/S0340/BAC009S0340W0227_noise10.wav,noise_snr10,1,1,24,366
BAC009S0340W0227_ch8k,BAC009S0340W0227,S0340,augmented/channel_8k/S0340/BAC009S0340W0227_ch8k.wav,channel_8k,1,1,24,366
BAC009S0340W0363_noise10,BAC009S0340W0363,S0340,augmented/noise_snr10/S0340/BAC009S0340W0363_noise10.wav,noise_snr10,1,1,24,366
BAC009S0340W0363_ch8k,BAC009S0340W0363,S0340,augmented/channel_8k/S0340/BAC009S0340W0363_ch8k.wav,channel_8k,1,1,24,366
BAC009S0340W0129_noise10,BAC009S0340W0129,S0340,augmented/noise_snr10/S0340/BAC009S0340W0129_noise10.wav,noise_snr10,1,1,24,366
BAC009S0340W0129_ch8k,BAC009S0340W0129,S0340,augmented/channel_8k/S0340/BAC009S0340W0129_ch8k.wav,channel_8k,1,1,24,366
BAC009S0340W0186_noise10,BAC009S0340W0186,S0340,augmented/noise_snr10/S0340/BAC009S0340W0186_noise10.wav,noise_snr10,1,1,24,366
BAC009S0340W0186_ch8k,BAC009S0340W0186,S0340,augmented/channel_8k/S0340/BAC009S0340W0186_ch8k.wav,channel_8k,1,1,24,366
BAC009S0340W0443_noise10,BAC009S0340W0443,S0340,augmented/noise_snr10/S0340/BAC009S0340W0443_noise10.wav,noise_snr10,1,1,24,366
BAC009S0340W0443_ch8k,BAC009S0340W0443,S0340,augmented/channel_8k/S0340/BAC009S0340W0443_ch8k.wav,channel_8k,1,1,24,366
BAC009S0340W0428_noise10,BAC009S0340W0428,S0340,augmented/noise_snr10/S0340/BAC009S0340W0428_noise10.wav,noise_snr10,1,1,24,366
BAC009S0340W0428_ch8k,BAC009S0340W0428,S0340,augmented/channel_8k/S0340/BAC009S0340W0428_ch8k.wav,channel_8k,1,1,24,366
BAC009S0340W0311_noise10,BAC009S0340W0311,S0340,augmented/noise_snr10/S0340/BAC009S0340W0311_noise10.wav,noise_snr10,1,1,24,366
BAC009S0340W0311_ch8k,BAC009S0340W0311,S0340,augmented/channel_8k/S0340/BAC009S0340W0311_ch8k.wav,channel_8k,1,1,24,366
BAC009S0340W0447_noise10,BAC009S0340W0447,S0340,augmented/noise_snr10/S0340/BAC009S0340W0447_noise10.wav,noise_snr10,1,1,24,366
BAC009S0340W0447_ch8k,BAC009S0340W0447,S0340,augmented/channel_8k/S0340/BAC009S0340W0447_ch8k.wav,channel_8k,1,1,24,366
BAC009S0340W0482_noise10,BAC009S0340W0482,S0340,augmented/noise_snr10/S0340/BAC009S0340W0482_noise10.wav,noise_snr10,1,1,24,366
BAC009S0340W0482_ch8k,BAC009S0340W0482,S0340,augmented/channel_8k/S0340/BAC009S0340W0482_ch8k.wav,channel_8k,1,1,24,366
BAC009S0340W0445_noise10,BAC009S0340W0445,S0340,augmented/noise_snr10/S0340/BAC009S0340W0445_noise10.wav,noise_snr10,1,1,24,366
BAC009S0340W0445_ch8k,BAC009S0340W0445,S0340,augmented/channel_8k/S0340/BAC009S0340W0445_ch8k.wav,channel_8k,1,1,24,366
BAC009S0340W0155_noise10,BAC009S0340W0155,S0340,augmented/noise_snr10/S0340/BAC009S0340W0155_noise10.wav,noise_snr10,1,1,24,366
BAC009S0340W0155_ch8k,BAC009S0340W0155,S0340,augmented/channel_8k/S0340/BAC009S0340W0155_ch8k.wav,channel_8k,1,1,24,366
BAC009S0340W0136_noise10,BAC009S0340W0136,S0340,augmented/noise_snr10/S0340/BAC009S0340W0136_noise10.wav,noise_snr10,1,1,24,366
BAC009S0340W0136_ch8k,BAC009S0340W0136,S0340,augmented/channel_8k/S0340/BAC009S0340W0136_ch8k.wav,channel_8k,1,1,24,366
BAC009S0340W0419_noise10,BAC009S0340W0419,S0340,augmented/noise_snr10/S0340/BAC009S0340W0419_noise10.wav,noise_snr10,1,1,24,366
BAC009S0340W0419_ch8k,BAC009S0340W0419,S0340,augmented/channel_8k/S0340/BAC009S0340W0419_ch8k.wav,channel_8k,1,1,24,366
BAC009S0340W0207_noise10,BAC009S0340W0207,S0340,augmented/noise_snr10/S0340/BAC009S0340W0207_noise10.wav,noise_snr10,1,1,24,366
BAC009S0340W0207_ch8k,BAC009S0340W0207,S0340,augmented/channel_8k/S0340/BAC009S0340W0207_ch8k.wav,channel_8k,1,1,24,366
BAC009S0340W0171_noise10,BAC009S0340W0171,S0340,augmented/noise_snr10/S0340/BAC009S0340W0171_noise10.wav,noise_snr10,1,1,24,366
BAC009S0340W0171_ch8k,BAC009S0340W0171,S0340,augmented/channel_8k/S0340/BAC009S0340W0171_ch8k.wav,channel_8k,1,1,24,366
BAC009S0517W0244_noise10,BAC009S0517W0244,S0517,augmented/noise_snr10/S0517/BAC009S0517W0244_noise10.wav,noise_snr10,1,1,24,359
BAC009S0517W0244_ch8k,BAC009S0517W0244,S0517,augmented/channel_8k/S0517/BAC009S0517W0244_ch8k.wav,channel_8k,1,1,24,359
BAC009S0517W0227_noise10,BAC009S0517W0227,S0517,augmented/noise_snr10/S0517/BAC009S0517W0227_noise10.wav,noise_snr10,1,1,24,359
BAC009S0517W0227_ch8k,BAC009S0517W0227,S0517,augmented/channel_8k/S0517/BAC009S0517W0227_ch8k.wav,channel_8k,1,1,24,359
BAC009S0517W0373_noise10,BAC009S0517W0373,S0517,augmented/noise_snr10/S0517/BAC009S0517W0373_noise10.wav,noise_snr10,1,1,24,359
BAC009S0517W0373_ch8k,BAC009S0517W0373,S0517,augmented/channel_8k/S0517/BAC009S0517W0373_ch8k.wav,channel_8k,1,1,24,359
BAC009S0517W0135_noise10,BAC009S0517W0135,S0517,augmented/noise_snr10/S0517/BAC009S0517W0135_noise10.wav,noise_snr10,1,1,24,359
BAC009S0517W0135_ch8k,BAC009S0517W0135,S0517,augmented/channel_8k/S0517/BAC009S0517W0135_ch8k.wav,channel_8k,1,1,24,359
BAC009S0517W0365_noise10,BAC009S0517W0365,S0517,augmented/noise_snr10/S0517/BAC009S0517W0365_noise10.wav,noise_snr10,1,1,24,359
BAC009S0517W0365_ch8k,BAC009S0517W0365,S0517,augmented/channel_8k/S0517/BAC009S0517W0365_ch8k.wav,channel_8k,1,1,24,359
BAC009S0517W0447_noise10,BAC009S0517W0447,S0517,augmented/noise_snr10/S0517/BAC009S0517W0447_noise10.wav,noise_snr10,1,1,24,359
BAC009S0517W0447_ch8k,BAC009S0517W0447,S0517,augmented/channel_8k/S0517/BAC009S0517W0447_ch8k.wav,channel_8k,1,1,24,359
BAC009S0517W0188_noise10,BAC009S0517W0188,S0517,augmented/noise_snr10/S0517/BAC009S0517W0188_noise10.wav,noise_snr10,1,1,24,359
BAC009S0517W0188_ch8k,BAC009S0517W0188,S0517,augmented/channel_8k/S0517/BAC009S0517W0188_ch8k.wav,channel_8k,1,1,24,359
BAC009S0517W0490_noise10,BAC009S0517W0490,S0517,augmented/noise_snr10/S0517/BAC009S0517W0490_noise10.wav,noise_snr10,1,1,24,359
BAC009S0517W0490_ch8k,BAC009S0517W0490,S0517,augmented/channel_8k/S0517/BAC009S0517W0490_ch8k.wav,channel_8k,1,1,24,359
BAC009S0517W0448_noise10,BAC009S0517W0448,S0517,augmented/noise_snr10/S0517/BAC009S0517W0448_noise10.wav,noise_snr10,1,1,24,359
BAC009S0517W0448_ch8k,BAC009S0517W0448,S0517,augmented/channel_8k/S0517/BAC009S0517W0448_ch8k.wav,channel_8k,1,1,24,359
BAC009S0517W0316_noise10,BAC009S0517W0316,S0517,augmented/noise_snr10/S0517/BAC009S0517W0316_noise10.wav,noise_snr10,1,1,24,359
BAC009S0517W0316_ch8k,BAC009S0517W0316,S0517,augmented/channel_8k/S0517/BAC009S0517W0316_ch8k.wav,channel_8k,1,1,24,359
BAC009S0517W0208_noise10,BAC009S0517W0208,S0517,augmented/noise_snr10/S0517/BAC009S0517W0208_noise10.wav,noise_snr10,1,1,24,359
BAC009S0517W0208_ch8k,BAC009S0517W0208,S0517,augmented/channel_8k/S0517/BAC009S0517W0208_ch8k.wav,channel_8k,1,1,24,359
BAC009S0517W0216_noise10,BAC009S0517W0216,S0517,augmented/noise_snr10/S0517/BAC009S0517W0216_noise10.wav,noise_snr10,1,1,24,359
BAC009S0517W0216_ch8k,BAC009S0517W0216,S0517,augmented/channel_8k/S0517/BAC009S0517W0216_ch8k.wav,channel_8k,1,1,24,359
BAC009S0517W0285_noise10,BAC009S0517W0285,S0517,augmented/noise_snr10/S0517/BAC009S0517W0285_noise10.wav,noise_snr10,1,1,24,359
BAC009S0517W0285_ch8k,BAC009S0517W0285,S0517,augmented/channel_8k/S0517/BAC009S0517W0285_ch8k.wav,channel_8k,1,1,24,359
BAC009S0517W0342_noise10,BAC009S0517W0342,S0517,augmented/noise_snr10/S0517/BAC009S0517W0342_noise10.wav,noise_snr10,1,1,24,359
BAC009S0517W0342_ch8k,BAC009S0517W0342,S0517,augmented/channel_8k/S0517/BAC009S0517W0342_ch8k.wav,channel_8k,1,1,24,359
BAC009S0517W0376_noise10,BAC009S0517W0376,S0517,augmented/noise_snr10/S0517/BAC009S0517W0376_noise10.wav,noise_snr10,1,1,24,359
BAC009S0517W0376_ch8k,BAC009S0517W0376,S0517,augmented/channel_8k/S0517/BAC009S0517W0376_ch8k.wav,channel_8k,1,1,24,359
BAC009S0517W0156_noise10,BAC009S0517W0156,S0517,augmented/noise_snr10/S0517/BAC009S0517W0156_noise10.wav,noise_snr10,1,1,24,359
BAC009S0517W0156_ch8k,BAC009S0517W0156,S0517,augmented/channel_8k/S0517/BAC009S0517W0156_ch8k.wav,channel_8k,1,1,24,359
BAC009S0517W0467_noise10,BAC009S0517W0467,S0517,augmented/noise_snr10/S0517/BAC009S0517W0467_noise10.wav,noise_snr10,1,1,24,359
BAC009S0517W0467_ch8k,BAC009S0517W0467,S0517,augmented/channel_8k/S0517/BAC009S0517W0467_ch8k.wav,channel_8k,1,1,24,359
BAC009S0517W0326_noise10,BAC009S0517W0326,S0517,augmented/noise_snr10/S0517/BAC009S0517W0326_noise10.wav,noise_snr10,1,1,24,359
BAC009S0517W0326_ch8k,BAC009S0517W0326,S0517,augmented/channel_8k/S0517/BAC009S0517W0326_ch8k.wav,channel_8k,1,1,24,359
BAC009S0517W0310_noise10,BAC009S0517W0310,S0517,augmented/noise_snr10/S0517/BAC009S0517W0310_noise10.wav,noise_snr10,1,1,24,359
BAC009S0517W0310_ch8k,BAC009S0517W0310,S0517,augmented/channel_8k/S0517/BAC009S0517W0310_ch8k.wav,channel_8k,1,1,24,359
BAC009S0517W0256_noise10,BAC009S0517W0256,S0517,augmented/noise_snr10/S0517/BAC009S0517W0256_noise10.wav,noise_snr10,1,1,24,359
BAC009S0517W0256_ch8k,BAC009S0517W0256,S0517,augmented/channel_8k/S0517/BAC009S0517W0256_ch8k.wav,channel_8k,1,1,24,359
BAC009S0517W0395_noise10,BAC009S0517W0395,S0517,augmented/noise_snr10/S0517/BAC009S0517W0395_noise10.wav,noise_snr10,1,1,24,359
BAC009S0517W0395_ch8k,BAC009S0517W0395,S0517,augmented/channel_8k/S0517/BAC009S0517W0395_ch8k.wav,channel_8k,1,1,24,359
BAC009S0517W0479_noise10,BAC009S0517W0479,S0517,augmented/noise_snr10/S0517/BAC009S0517W0479_noise10.wav,noise_snr10,1,1,24,359
BAC009S0517W0479_ch8k,BAC009S0517W0479,S0517,augmented/channel_8k/S0517/BAC009S0517W0479_ch8k.wav,channel_8k,1,1,24,359
BAC009S0517W0291_noise10,BAC009S0517W0291,S0517,augmented/noise_snr10/S0517/BAC009S0517W0291_noise10.wav,noise_snr10,1,1,24,359
BAC009S0517W0291_ch8k,BAC009S0517W0291,S0517,augmented/channel_8k/S0517/BAC009S0517W0291_ch8k.wav,channel_8k,1,1,24,359
BAC009S0517W0455_noise10,BAC009S0517W0455,S0517,augmented/noise_snr10/S0517/BAC009S0517W0455_noise10.wav,noise_snr10,1,1,24,359
BAC009S0517W0455_ch8k,BAC009S0517W0455,S0517,augmented/channel_8k/S0517/BAC009S0517W0455_ch8k.wav,channel_8k,1,1,24,359
BAC009S0194W0228_noise10,BAC009S0194W0228,S0194,augmented/noise_snr10/S0194/BAC009S0194W0228_noise10.wav,noise_snr10,1,1,24,355
BAC009S0194W0228_ch8k,BAC009S0194W0228,S0194,augmented/channel_8k/S0194/BAC009S0194W0228_ch8k.wav,channel_8k,1,1,24,355
BAC009S0194W0443_noise10,BAC009S0194W0443,S0194,augmented/noise_snr10/S0194/BAC009S0194W0443_noise10.wav,noise_snr10,1,1,24,355
BAC009S0194W0443_ch8k,BAC009S0194W0443,S0194,augmented/channel_8k/S0194/BAC009S0194W0443_ch8k.wav,channel_8k,1,1,24,355
BAC009S0194W0140_noise10,BAC009S0194W0140,S0194,augmented/noise_snr10/S0194/BAC009S0194W0140_noise10.wav,noise_snr10,1,1,24,355
BAC009S0194W0140_ch8k,BAC009S0194W0140,S0194,augmented/channel_8k/S0194/BAC009S0194W0140_ch8k.wav,channel_8k,1,1,24,355
BAC009S0194W0302_noise10,BAC009S0194W0302,S0194,augmented/noise_snr10/S0194/BAC009S0194W0302_noise10.wav,noise_snr10,1,1,24,355
BAC009S0194W0302_ch8k,BAC009S0194W0302,S0194,augmented/channel_8k/S0194/BAC009S0194W0302_ch8k.wav,channel_8k,1,1,24,355
BAC009S0194W0416_noise10,BAC009S0194W0416,S0194,augmented/noise_snr10/S0194/BAC009S0194W0416_noise10.wav,noise_snr10,1,1,24,355
BAC009S0194W0416_ch8k,BAC009S0194W0416,S0194,augmented/channel_8k/S0194/BAC009S0194W0416_ch8k.wav,channel_8k,1,1,24,355
BAC009S0194W0133_noise10,BAC009S0194W0133,S0194,augmented/noise_snr10/S0194/BAC009S0194W0133_noise10.wav,noise_snr10,1,1,24,355
BAC009S0194W0133_ch8k,BAC009S0194W0133,S0194,augmented/channel_8k/S0194/BAC009S0194W0133_ch8k.wav,channel_8k,1,1,24,355
BAC009S0194W0370_noise10,BAC009S0194W0370,S0194,augmented/noise_snr10/S0194/BAC009S0194W0370_noise10.wav,noise_snr10,1,1,24,355
BAC009S0194W0370_ch8k,BAC009S0194W0370,S0194,augmented/channel_8k/S0194/BAC009S0194W0370_ch8k.wav,channel_8k,1,1,24,355
BAC009S0194W0248_noise10,BAC009S0194W0248,S0194,augmented/noise_snr10/S0194/BAC009S0194W0248_noise10.wav,noise_snr10,1,1,24,355
BAC009S0194W0248_ch8k,BAC009S0194W0248,S0194,augmented/channel_8k/S0194/BAC009S0194W0248_ch8k.wav,channel_8k,1,1,24,355
BAC009S0194W0143_noise10,BAC009S0194W0143,S0194,augmented/noise_snr10/S0194/BAC009S0194W0143_noise10.wav,noise_snr10,1,1,24,355
BAC009S0194W0143_ch8k,BAC009S0194W0143,S0194,augmented/channel_8k/S0194/BAC009S0194W0143_ch8k.wav,channel_8k,1,1,24,355
BAC009S0194W0256_noise10,BAC009S0194W0256,S0194,augmented/noise_snr10/S0194/BAC009S0194W0256_noise10.wav,noise_snr10,1,1,24,355
BAC009S0194W0256_ch8k,BAC009S0194W0256,S0194,augmented/channel_8k/S0194/BAC009S0194W0256_ch8k.wav,channel_8k,1,1,24,355
BAC009S0194W0340_noise10,BAC009S0194W0340,S0194,augmented/noise_snr10/S0194/BAC009S0194W0340_noise10.wav,noise_snr10,1,1,24,355
BAC009S0194W0340_ch8k,BAC009S0194W0340,S0194,augmented/channel_8k/S0194/BAC009S0194W0340_ch8k.wav,channel_8k,1,1,24,355
BAC009S0194W0456_noise10,BAC009S0194W0456,S0194,augmented/noise_snr10/S0194/BAC009S0194W0456_noise10.wav,noise_snr10,1,1,24,355
BAC009S0194W0456_ch8k,BAC009S0194W0456,S0194,augmented/channel_8k/S0194/BAC009S0194W0456_ch8k.wav,channel_8k,1,1,24,355
BAC009S0194W0121_noise10,BAC009S0194W0121,S0194,augmented/noise_snr10/S0194/BAC009S0194W0121_noise10.wav,noise_snr10,1,1,24,355
BAC009S0194W0121_ch8k,BAC009S0194W0121,S0194,augmented/channel_8k/S0194/BAC009S0194W0121_ch8k.wav,channel_8k,1,1,24,355
BAC009S0194W0323_noise10,BAC009S0194W0323,S0194,augmented/noise_snr10/S0194/BAC009S0194W0323_noise10.wav,noise_snr10,1,1,24,355
BAC009S0194W0323_ch8k,BAC009S0194W0323,S0194,augmented/channel_8k/S0194/BAC009S0194W0323_ch8k.wav,channel_8k,1,1,24,355
BAC009S0194W0135_noise10,BAC009S0194W0135,S0194,augmented/noise_snr10/S0194/BAC009S0194W0135_noise10.wav,noise_snr10,1,1,24,355
BAC009S0194W0135_ch8k,BAC009S0194W0135,S0194,augmented/channel_8k/S0194/BAC009S0194W0135_ch8k.wav,channel_8k,1,1,24,355
BAC009S0194W0482_noise10,BAC009S0194W0482,S0194,augmented/noise_snr10/S0194/BAC009S0194W0482_noise10.wav,noise_snr10,1,1,24,355
BAC009S0194W0482_ch8k,BAC009S0194W0482,S0194,augmented/channel_8k/S0194/BAC009S0194W0482_ch8k.wav,channel_8k,1,1,24,355
BAC009S0194W0272_noise10,BAC009S0194W0272,S0194,augmented/noise_snr10/S0194/BAC009S0194W0272_noise10.wav,noise_snr10,1,1,24,355
BAC009S0194W0272_ch8k,BAC009S0194W0272,S0194,augmented/channel_8k/S0194/BAC009S0194W0272_ch8k.wav,channel_8k,1,1,24,355
BAC009S0194W0214_noise10,BAC009S0194W0214,S0194,augmented/noise_snr10/S0194/BAC009S0194W0214_noise10.wav,noise_snr10,1,1,24,355
BAC009S0194W0214_ch8k,BAC009S0194W0214,S0194,augmented/channel_8k/S0194/BAC009S0194W0214_ch8k.wav,channel_8k,1,1,24,355
BAC009S0194W0336_noise10,BAC009S0194W0336,S0194,augmented/noise_snr10/S0194/BAC009S0194W0336_noise10.wav,noise_snr10,1,1,24,355
BAC009S0194W0336_ch8k,BAC009S0194W0336,S0194,augmented/channel_8k/S0194/BAC009S0194W0336_ch8k.wav,channel_8k,1,1,24,355
BAC009S0194W0480_noise10,BAC009S0194W0480,S0194,augmented/noise_snr10/S0194/BAC009S0194W0480_noise10.wav,noise_snr10,1,1,24,355
BAC009S0194W0480_ch8k,BAC009S0194W0480,S0194,augmented/channel_8k/S0194/BAC009S0194W0480_ch8k.wav,channel_8k,1,1,24,355
BAC009S0194W0173_noise10,BAC009S0194W0173,S0194,augmented/noise_snr10/S0194/BAC009S0194W0173_noise10.wav,noise_snr10,1,1,24,355
BAC009S0194W0173_ch8k,BAC009S0194W0173,S0194,augmented/channel_8k/S0194/BAC009S0194W0173_ch8k.wav,channel_8k,1,1,24,355
BAC009S0194W0125_noise10,BAC009S0194W0125,S0194,augmented/noise_snr10/S0194/BAC009S0194W0125_noise10.wav,noise_snr10,1,1,24,355
BAC009S0194W0125_ch8k,BAC009S0194W0125,S0194,augmented/channel_8k/S0194/BAC009S0194W0125_ch8k.wav,channel_8k,1,1,24,355
BAC009S0194W0179_noise10,BAC009S0194W0179,S0194,augmented/noise_snr10/S0194/BAC009S0194W0179_noise10.wav,noise_snr10,1,1,24,355
BAC009S0194W0179_ch8k,BAC009S0194W0179,S0194,augmented/channel_8k/S0194/BAC009S0194W0179_ch8k.wav,channel_8k,1,1,24,355
BAC009S0194W0424_noise10,BAC009S0194W0424,S0194,augmented/noise_snr10/S0194/BAC009S0194W0424_noise10.wav,noise_snr10,1,1,24,355
BAC009S0194W0424_ch8k,BAC009S0194W0424,S0194,augmented/channel_8k/S0194/BAC009S0194W0424_ch8k.wav,channel_8k,1,1,24,355
BAC009S0655W0446_noise10,BAC009S0655W0446,S0655,augmented/noise_snr10/S0655/BAC009S0655W0446_noise10.wav,noise_snr10,1,1,24,353
BAC009S0655W0446_ch8k,BAC009S0655W0446,S0655,augmented/channel_8k/S0655/BAC009S0655W0446_ch8k.wav,channel_8k,1,1,24,353
BAC009S0655W0410_noise10,BAC009S0655W0410,S0655,augmented/noise_snr10/S0655/BAC009S0655W0410_noise10.wav,noise_snr10,1,1,24,353
BAC009S0655W0410_ch8k,BAC009S0655W0410,S0655,augmented/channel_8k/S0655/BAC009S0655W0410_ch8k.wav,channel_8k,1,1,24,353
BAC009S0655W0381_noise10,BAC009S0655W0381,S0655,augmented/noise_snr10/S0655/BAC009S0655W0381_noise10.wav,noise_snr10,1,1,24,353
BAC009S0655W0381_ch8k,BAC009S0655W0381,S0655,augmented/channel_8k/S0655/BAC009S0655W0381_ch8k.wav,channel_8k,1,1,24,353
BAC009S0655W0471_noise10,BAC009S0655W0471,S0655,augmented/noise_snr10/S0655/BAC009S0655W0471_noise10.wav,noise_snr10,1,1,24,353
BAC009S0655W0471_ch8k,BAC009S0655W0471,S0655,augmented/channel_8k/S0655/BAC009S0655W0471_ch8k.wav,channel_8k,1,1,24,353
BAC009S0655W0495_noise10,BAC009S0655W0495,S0655,augmented/noise_snr10/S0655/BAC009S0655W0495_noise10.wav,noise_snr10,1,1,24,353
BAC009S0655W0495_ch8k,BAC009S0655W0495,S0655,augmented/channel_8k/S0655/BAC009S0655W0495_ch8k.wav,channel_8k,1,1,24,353
BAC009S0655W0254_noise10,BAC009S0655W0254,S0655,augmented/noise_snr10/S0655/BAC009S0655W0254_noise10.wav,noise_snr10,1,1,24,353
BAC009S0655W0254_ch8k,BAC009S0655W0254,S0655,augmented/channel_8k/S0655/BAC009S0655W0254_ch8k.wav,channel_8k,1,1,24,353
BAC009S0655W0238_noise10,BAC009S0655W0238,S0655,augmented/noise_snr10/S0655/BAC009S0655W0238_noise10.wav,noise_snr10,1,1,24,353
BAC009S0655W0238_ch8k,BAC009S0655W0238,S0655,augmented/channel_8k/S0655/BAC009S0655W0238_ch8k.wav,channel_8k,1,1,24,353
BAC009S0655W0424_noise10,BAC009S0655W0424,S0655,augmented/noise_snr10/S0655/BAC009S0655W0424_noise10.wav,noise_snr10,1,1,24,353
BAC009S0655W0424_ch8k,BAC009S0655W0424,S0655,augmented/channel_8k/S0655/BAC009S0655W0424_ch8k.wav,channel_8k,1,1,24,353
BAC009S0655W0425_noise10,BAC009S0655W0425,S0655,augmented/noise_snr10/S0655/BAC009S0655W0425_noise10.wav,noise_snr10,1,1,24,353
BAC009S0655W0425_ch8k,BAC009S0655W0425,S0655,augmented/channel_8k/S0655/BAC009S0655W0425_ch8k.wav,channel_8k,1,1,24,353
BAC009S0655W0187_noise10,BAC009S0655W0187,S0655,augmented/noise_snr10/S0655/BAC009S0655W0187_noise10.wav,noise_snr10,1,1,24,353
BAC009S0655W0187_ch8k,BAC009S0655W0187,S0655,augmented/channel_8k/S0655/BAC009S0655W0187_ch8k.wav,channel_8k,1,1,24,353
BAC009S0655W0196_noise10,BAC009S0655W0196,S0655,augmented/noise_snr10/S0655/BAC009S0655W0196_noise10.wav,noise_snr10,1,1,24,353
BAC009S0655W0196_ch8k,BAC009S0655W0196,S0655,augmented/channel_8k/S0655/BAC009S0655W0196_ch8k.wav,channel_8k,1,1,24,353
BAC009S0655W0285_noise10,BAC009S0655W0285,S0655,augmented/noise_snr10/S0655/BAC009S0655W0285_noise10.wav,noise_snr10,1,1,24,353
BAC009S0655W0285_ch8k,BAC009S0655W0285,S0655,augmented/channel_8k/S0655/BAC009S0655W0285_ch8k.wav,channel_8k,1,1,24,353
BAC009S0655W0135_noise10,BAC009S0655W0135,S0655,augmented/noise_snr10/S0655/BAC009S0655W0135_noise10.wav,noise_snr10,1,1,24,353
BAC009S0655W0135_ch8k,BAC009S0655W0135,S0655,augmented/channel_8k/S0655/BAC009S0655W0135_ch8k.wav,channel_8k,1,1,24,353
BAC009S0655W0342_noise10,BAC009S0655W0342,S0655,augmented/noise_snr10/S0655/BAC009S0655W0342_noise10.wav,noise_snr10,1,1,24,353
BAC009S0655W0342_ch8k,BAC009S0655W0342,S0655,augmented/channel_8k/S0655/BAC009S0655W0342_ch8k.wav,channel_8k,1,1,24,353
BAC009S0655W0171_noise10,BAC009S0655W0171,S0655,augmented/noise_snr10/S0655/BAC009S0655W0171_noise10.wav,noise_snr10,1,1,24,353
BAC009S0655W0171_ch8k,BAC009S0655W0171,S0655,augmented/channel_8k/S0655/BAC009S0655W0171_ch8k.wav,channel_8k,1,1,24,353
BAC009S0655W0123_noise10,BAC009S0655W0123,S0655,augmented/noise_snr10/S0655/BAC009S0655W0123_noise10.wav,noise_snr10,1,1,24,353
BAC009S0655W0123_ch8k,BAC009S0655W0123,S0655,augmented/channel_8k/S0655/BAC009S0655W0123_ch8k.wav,channel_8k,1,1,24,353
BAC009S0655W0403_noise10,BAC009S0655W0403,S0655,augmented/noise_snr10/S0655/BAC009S0655W0403_noise10.wav,noise_snr10,1,1,24,353
BAC009S0655W0403_ch8k,BAC009S0655W0403,S0655,augmented/channel_8k/S0655/BAC009S0655W0403_ch8k.wav,channel_8k,1,1,24,353
BAC009S0655W0183_noise10,BAC009S0655W0183,S0655,augmented/noise_snr10/S0655/BAC009S0655W0183_noise10.wav,noise_snr10,1,1,24,353
BAC009S0655W0183_ch8k,BAC009S0655W0183,S0655,augmented/channel_8k/S0655/BAC009S0655W0183_ch8k.wav,channel_8k,1,1,24,353
BAC009S0655W0303_noise10,BAC009S0655W0303,S0655,augmented/noise_snr10/S0655/BAC009S0655W0303_noise10.wav,noise_snr10,1,1,24,353
BAC009S0655W0303_ch8k,BAC009S0655W0303,S0655,augmented/channel_8k/S0655/BAC009S0655W0303_ch8k.wav,channel_8k,1,1,24,353
BAC009S0655W0278_noise10,BAC009S0655W0278,S0655,augmented/noise_snr10/S0655/BAC009S0655W0278_noise10.wav,noise_snr10,1,1,24,353
BAC009S0655W0278_ch8k,BAC009S0655W0278,S0655,augmented/channel_8k/S0655/BAC009S0655W0278_ch8k.wav,channel_8k,1,1,24,353
BAC009S0655W0136_noise10,BAC009S0655W0136,S0655,augmented/noise_snr10/S0655/BAC009S0655W0136_noise10.wav,noise_snr10,1,1,24,353
BAC009S0655W0136_ch8k,BAC009S0655W0136,S0655,augmented/channel_8k/S0655/BAC009S0655W0136_ch8k.wav,channel_8k,1,1,24,353
BAC009S0655W0376_noise10,BAC009S0655W0376,S0655,augmented/noise_snr10/S0655/BAC009S0655W0376_noise10.wav,noise_snr10,1,1,24,353
BAC009S0655W0376_ch8k,BAC009S0655W0376,S0655,augmented/channel_8k/S0655/BAC009S0655W0376_ch8k.wav,channel_8k,1,1,24,353
BAC009S0655W0153_noise10,BAC009S0655W0153,S0655,augmented/noise_snr10/S0655/BAC009S0655W0153_noise10.wav,noise_snr10,1,1,24,353
BAC009S0655W0153_ch8k,BAC009S0655W0153,S0655,augmented/channel_8k/S0655/BAC009S0655W0153_ch8k.wav,channel_8k,1,1,24,353
BAC009S0655W0311_noise10,BAC009S0655W0311,S0655,augmented/noise_snr10/S0655/BAC009S0655W0311_noise10.wav,noise_snr10,1,1,24,353
BAC009S0655W0311_ch8k,BAC009S0655W0311,S0655,augmented/channel_8k/S0655/BAC009S0655W0311_ch8k.wav,channel_8k,1,1,24,353
BAC009S0040W0484_noise10,BAC009S0040W0484,S0040,augmented/noise_snr10/S0040/BAC009S0040W0484_noise10.wav,noise_snr10,0,1,24,333
BAC009S0040W0484_ch8k,BAC009S0040W0484,S0040,augmented/channel_8k/S0040/BAC009S0040W0484_ch8k.wav,channel_8k,0,1,24,333
BAC009S0040W0176_noise10,BAC009S0040W0176,S0040,augmented/noise_snr10/S0040/BAC009S0040W0176_noise10.wav,noise_snr10,0,1,24,333
BAC009S0040W0176_ch8k,BAC009S0040W0176,S0040,augmented/channel_8k/S0040/BAC009S0040W0176_ch8k.wav,channel_8k,0,1,24,333
BAC009S0040W0230_noise10,BAC009S0040W0230,S0040,augmented/noise_snr10/S0040/BAC009S0040W0230_noise10.wav,noise_snr10,0,1,24,333
BAC009S0040W0230_ch8k,BAC009S0040W0230,S0040,augmented/channel_8k/S0040/BAC009S0040W0230_ch8k.wav,channel_8k,0,1,24,333
BAC009S0040W0329_noise10,BAC009S0040W0329,S0040,augmented/noise_snr10/S0040/BAC009S0040W0329_noise10.wav,noise_snr10,0,1,24,333
BAC009S0040W0329_ch8k,BAC009S0040W0329,S0040,augmented/channel_8k/S0040/BAC009S0040W0329_ch8k.wav,channel_8k,0,1,24,333
BAC009S0040W0300_noise10,BAC009S0040W0300,S0040,augmented/noise_snr10/S0040/BAC009S0040W0300_noise10.wav,noise_snr10,0,1,24,333
BAC009S0040W0300_ch8k,BAC009S0040W0300,S0040,augmented/channel_8k/S0040/BAC009S0040W0300_ch8k.wav,channel_8k,0,1,24,333
BAC009S0040W0483_noise10,BAC009S0040W0483,S0040,augmented/noise_snr10/S0040/BAC009S0040W0483_noise10.wav,noise_snr10,0,1,24,333
BAC009S0040W0483_ch8k,BAC009S0040W0483,S0040,augmented/channel_8k/S0040/BAC009S0040W0483_ch8k.wav,channel_8k,0,1,24,333
BAC009S0040W0244_noise10,BAC009S0040W0244,S0040,augmented/noise_snr10/S0040/BAC009S0040W0244_noise10.wav,noise_snr10,0,1,24,333
BAC009S0040W0244_ch8k,BAC009S0040W0244,S0040,augmented/channel_8k/S0040/BAC009S0040W0244_ch8k.wav,channel_8k,0,1,24,333
BAC009S0040W0197_noise10,BAC009S0040W0197,S0040,augmented/noise_snr10/S0040/BAC009S0040W0197_noise10.wav,noise_snr10,0,1,24,333
BAC009S0040W0197_ch8k,BAC009S0040W0197,S0040,augmented/channel_8k/S0040/BAC009S0040W0197_ch8k.wav,channel_8k,0,1,24,333
BAC009S0040W0198_noise10,BAC009S0040W0198,S0040,augmented/noise_snr10/S0040/BAC009S0040W0198_noise10.wav,noise_snr10,0,1,24,333
BAC009S0040W0198_ch8k,BAC009S0040W0198,S0040,augmented/channel_8k/S0040/BAC009S0040W0198_ch8k.wav,channel_8k,0,1,24,333
BAC009S0040W0125_noise10,BAC009S0040W0125,S0040,augmented/noise_snr10/S0040/BAC009S0040W0125_noise10.wav,noise_snr10,0,1,24,333
BAC009S0040W0125_ch8k,BAC009S0040W0125,S0040,augmented/channel_8k/S0040/BAC009S0040W0125_ch8k.wav,channel_8k,0,1,24,333
BAC009S0040W0193_noise10,BAC009S0040W0193,S0040,augmented/noise_snr10/S0040/BAC009S0040W0193_noise10.wav,noise_snr10,0,1,24,333
BAC009S0040W0193_ch8k,BAC009S0040W0193,S0040,augmented/channel_8k/S0040/BAC009S0040W0193_ch8k.wav,channel_8k,0,1,24,333
BAC009S0040W0293_noise10,BAC009S0040W0293,S0040,augmented/noise_snr10/S0040/BAC009S0040W0293_noise10.wav,noise_snr10,0,1,24,333
BAC009S0040W0293_ch8k,BAC009S0040W0293,S0040,augmented/channel_8k/S0040/BAC009S0040W0293_ch8k.wav,channel_8k,0,1,24,333
BAC009S0040W0344_noise10,BAC009S0040W0344,S0040,augmented/noise_snr10/S0040/BAC009S0040W0344_noise10.wav,noise_snr10,0,1,24,333
BAC009S0040W0344_ch8k,BAC009S0040W0344,S0040,augmented/channel_8k/S0040/BAC009S0040W0344_ch8k.wav,channel_8k,0,1,24,333
BAC009S0040W0364_noise10,BAC009S0040W0364,S0040,augmented/noise_snr10/S0040/BAC009S0040W0364_noise10.wav,noise_snr10,0,1,24,333
BAC009S0040W0364_ch8k,BAC009S0040W0364,S0040,augmented/channel_8k/S0040/BAC009S0040W0364_ch8k.wav,channel_8k,0,1,24,333
BAC009S0040W0285_noise10,BAC009S0040W0285,S0040,augmented/noise_snr10/S0040/BAC009S0040W0285_noise10.wav,noise_snr10,0,1,24,333
BAC009S0040W0285_ch8k,BAC009S0040W0285,S0040,augmented/channel_8k/S0040/BAC009S0040W0285_ch8k.wav,channel_8k,0,1,24,333
BAC009S0040W0341_noise10,BAC009S0040W0341,S0040,augmented/noise_snr10/S0040/BAC009S0040W0341_noise10.wav,noise_snr10,0,1,24,333
BAC009S0040W0341_ch8k,BAC009S0040W0341,S0040,augmented/channel_8k/S0040/BAC009S0040W0341_ch8k.wav,channel_8k,0,1,24,333
BAC009S0040W0163_noise10,BAC009S0040W0163,S0040,augmented/noise_snr10/S0040/BAC009S0040W0163_noise10.wav,noise_snr10,0,1,24,333
BAC009S0040W0163_ch8k,BAC009S0040W0163,S0040,augmented/channel_8k/S0040/BAC009S0040W0163_ch8k.wav,channel_8k,0,1,24,333
BAC009S0040W0212_noise10,BAC009S0040W0212,S0040,augmented/noise_snr10/S0040/BAC009S0040W0212_noise10.wav,noise_snr10,0,1,24,333
BAC009S0040W0212_ch8k,BAC009S0040W0212,S0040,augmented/channel_8k/S0040/BAC009S0040W0212_ch8k.wav,channel_8k,0,1,24,333
BAC009S0040W0450_noise10,BAC009S0040W0450,S0040,augmented/noise_snr10/S0040/BAC009S0040W0450_noise10.wav,noise_snr10,0,1,24,333
BAC009S0040W0450_ch8k,BAC009S0040W0450,S0040,augmented/channel_8k/S0040/BAC009S0040W0450_ch8k.wav,channel_8k,0,1,24,333
BAC009S0040W0156_noise10,BAC009S0040W0156,S0040,augmented/noise_snr10/S0040/BAC009S0040W0156_noise10.wav,noise_snr10,0,1,24,333
BAC009S0040W0156_ch8k,BAC009S0040W0156,S0040,augmented/channel_8k/S0040/BAC009S0040W0156_ch8k.wav,channel_8k,0,1,24,333
BAC009S0040W0476_noise10,BAC009S0040W0476,S0040,augmented/noise_snr10/S0040/BAC009S0040W0476_noise10.wav,noise_snr10,0,1,24,333
BAC009S0040W0476_ch8k,BAC009S0040W0476,S0040,augmented/channel_8k/S0040/BAC009S0040W0476_ch8k.wav,channel_8k,0,1,24,333
BAC009S0040W0332_noise10,BAC009S0040W0332,S0040,augmented/noise_snr10/S0040/BAC009S0040W0332_noise10.wav,noise_snr10,0,1,24,333
BAC009S0040W0332_ch8k,BAC009S0040W0332,S0040,augmented/channel_8k/S0040/BAC009S0040W0332_ch8k.wav,channel_8k,0,1,24,333
BAC009S0040W0158_noise10,BAC009S0040W0158,S0040,augmented/noise_snr10/S0040/BAC009S0040W0158_noise10.wav,noise_snr10,0,1,24,333
BAC009S0040W0158_ch8k,BAC009S0040W0158,S0040,augmented/channel_8k/S0040/BAC009S0040W0158_ch8k.wav,channel_8k,0,1,24,333
BAC009S0040W0456_noise10,BAC009S0040W0456,S0040,augmented/noise_snr10/S0040/BAC009S0040W0456_noise10.wav,noise_snr10,0,1,24,333
BAC009S0040W0456_ch8k,BAC009S0040W0456,S0040,augmented/channel_8k/S0040/BAC009S0040W0456_ch8k.wav,channel_8k,0,1,24,333
BAC009S0722W0299_noise10,BAC009S0722W0299,S0722,augmented/noise_snr10/S0722/BAC009S0722W0299_noise10.wav,noise_snr10,0,1,24,352
BAC009S0722W0299_ch8k,BAC009S0722W0299,S0722,augmented/channel_8k/S0722/BAC009S0722W0299_ch8k.wav,channel_8k,0,1,24,352
BAC009S0722W0217_noise10,BAC009S0722W0217,S0722,augmented/noise_snr10/S0722/BAC009S0722W0217_noise10.wav,noise_snr10,0,1,24,352
BAC009S0722W0217_ch8k,BAC009S0722W0217,S0722,augmented/channel_8k/S0722/BAC009S0722W0217_ch8k.wav,channel_8k,0,1,24,352
BAC009S0722W0257_noise10,BAC009S0722W0257,S0722,augmented/noise_snr10/S0722/BAC009S0722W0257_noise10.wav,noise_snr10,0,1,24,352
BAC009S0722W0257_ch8k,BAC009S0722W0257,S0722,augmented/channel_8k/S0722/BAC009S0722W0257_ch8k.wav,channel_8k,0,1,24,352
BAC009S0722W0415_noise10,BAC009S0722W0415,S0722,augmented/noise_snr10/S0722/BAC009S0722W0415_noise10.wav,noise_snr10,0,1,24,352
BAC009S0722W0415_ch8k,BAC009S0722W0415,S0722,augmented/channel_8k/S0722/BAC009S0722W0415_ch8k.wav,channel_8k,0,1,24,352
BAC009S0722W0274_noise10,BAC009S0722W0274,S0722,augmented/noise_snr10/S0722/BAC009S0722W0274_noise10.wav,noise_snr10,0,1,24,352
BAC009S0722W0274_ch8k,BAC009S0722W0274,S0722,augmented/channel_8k/S0722/BAC009S0722W0274_ch8k.wav,channel_8k,0,1,24,352
BAC009S0722W0232_noise10,BAC009S0722W0232,S0722,augmented/noise_snr10/S0722/BAC009S0722W0232_noise10.wav,noise_snr10,0,1,24,352
BAC009S0722W0232_ch8k,BAC009S0722W0232,S0722,augmented/channel_8k/S0722/BAC009S0722W0232_ch8k.wav,channel_8k,0,1,24,352
BAC009S0722W0167_noise10,BAC009S0722W0167,S0722,augmented/noise_snr10/S0722/BAC009S0722W0167_noise10.wav,noise_snr10,0,1,24,352
BAC009S0722W0167_ch8k,BAC009S0722W0167,S0722,augmented/channel_8k/S0722/BAC009S0722W0167_ch8k.wav,channel_8k,0,1,24,352
BAC009S0722W0479_noise10,BAC009S0722W0479,S0722,augmented/noise_snr10/S0722/BAC009S0722W0479_noise10.wav,noise_snr10,0,1,24,352
BAC009S0722W0479_ch8k,BAC009S0722W0479,S0722,augmented/channel_8k/S0722/BAC009S0722W0479_ch8k.wav,channel_8k,0,1,24,352
BAC009S0722W0367_noise10,BAC009S0722W0367,S0722,augmented/noise_snr10/S0722/BAC009S0722W0367_noise10.wav,noise_snr10,0,1,24,352
BAC009S0722W0367_ch8k,BAC009S0722W0367,S0722,augmented/channel_8k/S0722/BAC009S0722W0367_ch8k.wav,channel_8k,0,1,24,352
BAC009S0722W0248_noise10,BAC009S0722W0248,S0722,augmented/noise_snr10/S0722/BAC009S0722W0248_noise10.wav,noise_snr10,0,1,24,352
BAC009S0722W0248_ch8k,BAC009S0722W0248,S0722,augmented/channel_8k/S0722/BAC009S0722W0248_ch8k.wav,channel_8k,0,1,24,352
BAC009S0722W0427_noise10,BAC009S0722W0427,S0722,augmented/noise_snr10/S0722/BAC009S0722W0427_noise10.wav,noise_snr10,0,1,24,352
BAC009S0722W0427_ch8k,BAC009S0722W0427,S0722,augmented/channel_8k/S0722/BAC009S0722W0427_ch8k.wav,channel_8k,0,1,24,352
BAC009S0722W0405_noise10,BAC009S0722W0405,S0722,augmented/noise_snr10/S0722/BAC009S0722W0405_noise10.wav,noise_snr10,0,1,24,352
BAC009S0722W0405_ch8k,BAC009S0722W0405,S0722,augmented/channel_8k/S0722/BAC009S0722W0405_ch8k.wav,channel_8k,0,1,24,352
BAC009S0722W0130_noise10,BAC009S0722W0130,S0722,augmented/noise_snr10/S0722/BAC009S0722W0130_noise10.wav,noise_snr10,0,1,24,352
BAC009S0722W0130_ch8k,BAC009S0722W0130,S0722,augmented/channel_8k/S0722/BAC009S0722W0130_ch8k.wav,channel_8k,0,1,24,352
BAC009S0722W0159_noise10,BAC009S0722W0159,S0722,augmented/noise_snr10/S0722/BAC009S0722W0159_noise10.wav,noise_snr10,0,1,24,352
BAC009S0722W0159_ch8k,BAC009S0722W0159,S0722,augmented/channel_8k/S0722/BAC009S0722W0159_ch8k.wav,channel_8k,0,1,24,352
BAC009S0722W0421_noise10,BAC009S0722W0421,S0722,augmented/noise_snr10/S0722/BAC009S0722W0421_noise10.wav,noise_snr10,0,1,24,352
BAC009S0722W0421_ch8k,BAC009S0722W0421,S0722,augmented/channel_8k/S0722/BAC009S0722W0421_ch8k.wav,channel_8k,0,1,24,352
BAC009S0722W0183_noise10,BAC009S0722W0183,S0722,augmented/noise_snr10/S0722/BAC009S0722W0183_noise10.wav,noise_snr10,0,1,24,352
BAC009S0722W0183_ch8k,BAC009S0722W0183,S0722,augmented/channel_8k/S0722/BAC009S0722W0183_ch8k.wav,channel_8k,0,1,24,352
BAC009S0722W0400_noise10,BAC009S0722W0400,S0722,augmented/noise_snr10/S0722/BAC009S0722W0400_noise10.wav,noise_snr10,0,1,24,352
BAC009S0722W0400_ch8k,BAC009S0722W0400,S0722,augmented/channel_8k/S0722/BAC009S0722W0400_ch8k.wav,channel_8k,0,1,24,352
BAC009S0722W0307_noise10,BAC009S0722W0307,S0722,augmented/noise_snr10/S0722/BAC009S0722W0307_noise10.wav,noise_snr10,0,1,24,352
BAC009S0722W0307_ch8k,BAC009S0722W0307,S0722,augmented/channel_8k/S0722/BAC009S0722W0307_ch8k.wav,channel_8k,0,1,24,352
BAC009S0722W0459_noise10,BAC009S0722W0459,S0722,augmented/noise_snr10/S0722/BAC009S0722W0459_noise10.wav,noise_snr10,0,1,24,352
BAC009S0722W0459_ch8k,BAC009S0722W0459,S0722,augmented/channel_8k/S0722/BAC009S0722W0459_ch8k.wav,channel_8k,0,1,24,352
BAC009S0722W0273_noise10,BAC009S0722W0273,S0722,augmented/noise_snr10/S0722/BAC009S0722W0273_noise10.wav,noise_snr10,0,1,24,352
BAC009S0722W0273_ch8k,BAC009S0722W0273,S0722,augmented/channel_8k/S0722/BAC009S0722W0273_ch8k.wav,channel_8k,0,1,24,352
BAC009S0722W0449_noise10,BAC009S0722W0449,S0722,augmented/noise_snr10/S0722/BAC009S0722W0449_noise10.wav,noise_snr10,0,1,24,352
BAC009S0722W0449_ch8k,BAC009S0722W0449,S0722,augmented/channel_8k/S0722/BAC009S0722W0449_ch8k.wav,channel_8k,0,1,24,352
BAC009S0722W0300_noise10,BAC009S0722W0300,S0722,augmented/noise_snr10/S0722/BAC009S0722W0300_noise10.wav,noise_snr10,0,1,24,352
BAC009S0722W0300_ch8k,BAC009S0722W0300,S0722,augmented/channel_8k/S0722/BAC009S0722W0300_ch8k.wav,channel_8k,0,1,24,352
BAC009S0722W0260_noise10,BAC009S0722W0260,S0722,augmented/noise_snr10/S0722/BAC009S0722W0260_noise10.wav,noise_snr10,0,1,24,352
BAC009S0722W0260_ch8k,BAC009S0722W0260,S0722,augmented/channel_8k/S0722/BAC009S0722W0260_ch8k.wav,channel_8k,0,1,24,352
BAC009S0722W0322_noise10,BAC009S0722W0322,S0722,augmented/noise_snr10/S0722/BAC009S0722W0322_noise10.wav,noise_snr10,0,1,24,352
BAC009S0722W0322_ch8k,BAC009S0722W0322,S0722,augmented/channel_8k/S0722/BAC009S0722W0322_ch8k.wav,channel_8k,0,1,24,352
BAC009S0731W0210_noise10,BAC009S0731W0210,S0731,augmented/noise_snr10/S0731/BAC009S0731W0210_noise10.wav,noise_snr10,0,1,24,353
BAC009S0731W0210_ch8k,BAC009S0731W0210,S0731,augmented/channel_8k/S0731/BAC009S0731W0210_ch8k.wav,channel_8k,0,1,24,353
BAC009S0731W0135_noise10,BAC009S0731W0135,S0731,augmented/noise_snr10/S0731/BAC009S0731W0135_noise10.wav,noise_snr10,0,1,24,353
BAC009S0731W0135_ch8k,BAC009S0731W0135,S0731,augmented/channel_8k/S0731/BAC009S0731W0135_ch8k.wav,channel_8k,0,1,24,353
BAC009S0731W0351_noise10,BAC009S0731W0351,S0731,augmented/noise_snr10/S0731/BAC009S0731W0351_noise10.wav,noise_snr10,0,1,24,353
BAC009S0731W0351_ch8k,BAC009S0731W0351,S0731,augmented/channel_8k/S0731/BAC009S0731W0351_ch8k.wav,channel_8k,0,1,24,353
BAC009S0731W0383_noise10,BAC009S0731W0383,S0731,augmented/noise_snr10/S0731/BAC009S0731W0383_noise10.wav,noise_snr10,0,1,24,353
BAC009S0731W0383_ch8k,BAC009S0731W0383,S0731,augmented/channel_8k/S0731/BAC009S0731W0383_ch8k.wav,channel_8k,0,1,24,353
BAC009S0731W0478_noise10,BAC009S0731W0478,S0731,augmented/noise_snr10/S0731/BAC009S0731W0478_noise10.wav,noise_snr10,0,1,24,353
BAC009S0731W0478_ch8k,BAC009S0731W0478,S0731,augmented/channel_8k/S0731/BAC009S0731W0478_ch8k.wav,channel_8k,0,1,24,353
BAC009S0731W0163_noise10,BAC009S0731W0163,S0731,augmented/noise_snr10/S0731/BAC009S0731W0163_noise10.wav,noise_snr10,0,1,24,353
BAC009S0731W0163_ch8k,BAC009S0731W0163,S0731,augmented/channel_8k/S0731/BAC009S0731W0163_ch8k.wav,channel_8k,0,1,24,353
BAC009S0731W0434_noise10,BAC009S0731W0434,S0731,augmented/noise_snr10/S0731/BAC009S0731W0434_noise10.wav,noise_snr10,0,1,24,353
BAC009S0731W0434_ch8k,BAC009S0731W0434,S0731,augmented/channel_8k/S0731/BAC009S0731W0434_ch8k.wav,channel_8k,0,1,24,353
BAC009S0731W0317_noise10,BAC009S0731W0317,S0731,augmented/noise_snr10/S0731/BAC009S0731W0317_noise10.wav,noise_snr10,0,1,24,353
BAC009S0731W0317_ch8k,BAC009S0731W0317,S0731,augmented/channel_8k/S0731/BAC009S0731W0317_ch8k.wav,channel_8k,0,1,24,353
BAC009S0731W0161_noise10,BAC009S0731W0161,S0731,augmented/noise_snr10/S0731/BAC009S0731W0161_noise10.wav,noise_snr10,0,1,24,353
BAC009S0731W0161_ch8k,BAC009S0731W0161,S0731,augmented/channel_8k/S0731/BAC009S0731W0161_ch8k.wav,channel_8k,0,1,24,353
BAC009S0731W0179_noise10,BAC009S0731W0179,S0731,augmented/noise_snr10/S0731/BAC009S0731W0179_noise10.wav,noise_snr10,0,1,24,353
BAC009S0731W0179_ch8k,BAC009S0731W0179,S0731,augmented/channel_8k/S0731/BAC009S0731W0179_ch8k.wav,channel_8k,0,1,24,353
BAC009S0731W0228_noise10,BAC009S0731W0228,S0731,augmented/noise_snr10/S0731/BAC009S0731W0228_noise10.wav,noise_snr10,0,1,24,353
BAC009S0731W0228_ch8k,BAC009S0731W0228,S0731,augmented/channel_8k/S0731/BAC009S0731W0228_ch8k.wav,channel_8k,0,1,24,353
BAC009S0731W0472_noise10,BAC009S0731W0472,S0731,augmented/noise_snr10/S0731/BAC009S0731W0472_noise10.wav,noise_snr10,0,1,24,353
BAC009S0731W0472_ch8k,BAC009S0731W0472,S0731,augmented/channel_8k/S0731/BAC009S0731W0472_ch8k.wav,channel_8k,0,1,24,353
BAC009S0731W0494_noise10,BAC009S0731W0494,S0731,augmented/noise_snr10/S0731/BAC009S0731W0494_noise10.wav,noise_snr10,0,1,24,353
BAC009S0731W0494_ch8k,BAC009S0731W0494,S0731,augmented/channel_8k/S0731/BAC009S0731W0494_ch8k.wav,channel_8k,0,1,24,353
BAC009S0731W0301_noise10,BAC009S0731W0301,S0731,augmented/noise_snr10/S0731/BAC009S0731W0301_noise10.wav,noise_snr10,0,1,24,353
BAC009S0731W0301_ch8k,BAC009S0731W0301,S0731,augmented/channel_8k/S0731/BAC009S0731W0301_ch8k.wav,channel_8k,0,1,24,353
BAC009S0731W0425_noise10,BAC009S0731W0425,S0731,augmented/noise_snr10/S0731/BAC009S0731W0425_noise10.wav,noise_snr10,0,1,24,353
BAC009S0731W0425_ch8k,BAC009S0731W0425,S0731,augmented/channel_8k/S0731/BAC009S0731W0425_ch8k.wav,channel_8k,0,1,24,353
BAC009S0731W0200_noise10,BAC009S0731W0200,S0731,augmented/noise_snr10/S0731/BAC009S0731W0200_noise10.wav,noise_snr10,0,1,24,353
BAC009S0731W0200_ch8k,BAC009S0731W0200,S0731,augmented/channel_8k/S0731/BAC009S0731W0200_ch8k.wav,channel_8k,0,1,24,353
BAC009S0731W0190_noise10,BAC009S0731W0190,S0731,augmented/noise_snr10/S0731/BAC009S0731W0190_noise10.wav,noise_snr10,0,1,24,353
BAC009S0731W0190_ch8k,BAC009S0731W0190,S0731,augmented/channel_8k/S0731/BAC009S0731W0190_ch8k.wav,channel_8k,0,1,24,353
BAC009S0731W0212_noise10,BAC009S0731W0212,S0731,augmented/noise_snr10/S0731/BAC009S0731W0212_noise10.wav,noise_snr10,0,1,24,353
BAC009S0731W0212_ch8k,BAC009S0731W0212,S0731,augmented/channel_8k/S0731/BAC009S0731W0212_ch8k.wav,channel_8k,0,1,24,353
BAC009S0731W0460_noise10,BAC009S0731W0460,S0731,augmented/noise_snr10/S0731/BAC009S0731W0460_noise10.wav,noise_snr10,0,1,24,353
BAC009S0731W0460_ch8k,BAC009S0731W0460,S0731,augmented/channel_8k/S0731/BAC009S0731W0460_ch8k.wav,channel_8k,0,1,24,353
BAC009S0731W0211_noise10,BAC009S0731W0211,S0731,augmented/noise_snr10/S0731/BAC009S0731W0211_noise10.wav,noise_snr10,0,1,24,353
BAC009S0731W0211_ch8k,BAC009S0731W0211,S0731,augmented/channel_8k/S0731/BAC009S0731W0211_ch8k.wav,channel_8k,0,1,24,353
BAC009S0731W0132_noise10,BAC009S0731W0132,S0731,augmented/noise_snr10/S0731/BAC009S0731W0132_noise10.wav,noise_snr10,0,1,24,353
BAC009S0731W0132_ch8k,BAC009S0731W0132,S0731,augmented/channel_8k/S0731/BAC009S0731W0132_ch8k.wav,channel_8k,0,1,24,353
BAC009S0731W0167_noise10,BAC009S0731W0167,S0731,augmented/noise_snr10/S0731/BAC009S0731W0167_noise10.wav,noise_snr10,0,1,24,353
BAC009S0731W0167_ch8k,BAC009S0731W0167,S0731,augmented/channel_8k/S0731/BAC009S0731W0167_ch8k.wav,channel_8k,0,1,24,353
BAC009S0731W0150_noise10,BAC009S0731W0150,S0731,augmented/noise_snr10/S0731/BAC009S0731W0150_noise10.wav,noise_snr10,0,1,24,353
BAC009S0731W0150_ch8k,BAC009S0731W0150,S0731,augmented/channel_8k/S0731/BAC009S0731W0150_ch8k.wav,channel_8k,0,1,24,353
BAC009S0731W0262_noise10,BAC009S0731W0262,S0731,augmented/noise_snr10/S0731/BAC009S0731W0262_noise10.wav,noise_snr10,0,1,24,353
BAC009S0731W0262_ch8k,BAC009S0731W0262,S0731,augmented/channel_8k/S0731/BAC009S0731W0262_ch8k.wav,channel_8k,0,1,24,353
BAC009S0748W0278_noise10,BAC009S0748W0278,S0748,augmented/noise_snr10/S0748/BAC009S0748W0278_noise10.wav,noise_snr10,1,1,24,325
BAC009S0748W0278_ch8k,BAC009S0748W0278,S0748,augmented/channel_8k/S0748/BAC009S0748W0278_ch8k.wav,channel_8k,1,1,24,325
BAC009S0748W0377_noise10,BAC009S0748W0377,S0748,augmented/noise_snr10/S0748/BAC009S0748W0377_noise10.wav,noise_snr10,1,1,24,325
BAC009S0748W0377_ch8k,BAC009S0748W0377,S0748,augmented/channel_8k/S0748/BAC009S0748W0377_ch8k.wav,channel_8k,1,1,24,325
BAC009S0748W0465_noise10,BAC009S0748W0465,S0748,augmented/noise_snr10/S0748/BAC009S0748W0465_noise10.wav,noise_snr10,1,1,24,325
BAC009S0748W0465_ch8k,BAC009S0748W0465,S0748,augmented/channel_8k/S0748/BAC009S0748W0465_ch8k.wav,channel_8k,1,1,24,325
BAC009S0748W0421_noise10,BAC009S0748W0421,S0748,augmented/noise_snr10/S0748/BAC009S0748W0421_noise10.wav,noise_snr10,1,1,24,325
BAC009S0748W0421_ch8k,BAC009S0748W0421,S0748,augmented/channel_8k/S0748/BAC009S0748W0421_ch8k.wav,channel_8k,1,1,24,325
BAC009S0748W0164_noise10,BAC009S0748W0164,S0748,augmented/noise_snr10/S0748/BAC009S0748W0164_noise10.wav,noise_snr10,1,1,24,325
BAC009S0748W0164_ch8k,BAC009S0748W0164,S0748,augmented/channel_8k/S0748/BAC009S0748W0164_ch8k.wav,channel_8k,1,1,24,325
BAC009S0748W0266_noise10,BAC009S0748W0266,S0748,augmented/noise_snr10/S0748/BAC009S0748W0266_noise10.wav,noise_snr10,1,1,24,325
BAC009S0748W0266_ch8k,BAC009S0748W0266,S0748,augmented/channel_8k/S0748/BAC009S0748W0266_ch8k.wav,channel_8k,1,1,24,325
BAC009S0748W0327_noise10,BAC009S0748W0327,S0748,augmented/noise_snr10/S0748/BAC009S0748W0327_noise10.wav,noise_snr10,1,1,24,325
BAC009S0748W0327_ch8k,BAC009S0748W0327,S0748,augmented/channel_8k/S0748/BAC009S0748W0327_ch8k.wav,channel_8k,1,1,24,325
BAC009S0748W0396_noise10,BAC009S0748W0396,S0748,augmented/noise_snr10/S0748/BAC009S0748W0396_noise10.wav,noise_snr10,1,1,24,325
BAC009S0748W0396_ch8k,BAC009S0748W0396,S0748,augmented/channel_8k/S0748/BAC009S0748W0396_ch8k.wav,channel_8k,1,1,24,325
BAC009S0748W0124_noise10,BAC009S0748W0124,S0748,augmented/noise_snr10/S0748/BAC009S0748W0124_noise10.wav,noise_snr10,1,1,24,325
BAC009S0748W0124_ch8k,BAC009S0748W0124,S0748,augmented/channel_8k/S0748/BAC009S0748W0124_ch8k.wav,channel_8k,1,1,24,325
BAC009S0748W0276_noise10,BAC009S0748W0276,S0748,augmented/noise_snr10/S0748/BAC009S0748W0276_noise10.wav,noise_snr10,1,1,24,325
BAC009S0748W0276_ch8k,BAC009S0748W0276,S0748,augmented/channel_8k/S0748/BAC009S0748W0276_ch8k.wav,channel_8k,1,1,24,325
BAC009S0748W0316_noise10,BAC009S0748W0316,S0748,augmented/noise_snr10/S0748/BAC009S0748W0316_noise10.wav,noise_snr10,1,1,24,325
BAC009S0748W0316_ch8k,BAC009S0748W0316,S0748,augmented/channel_8k/S0748/BAC009S0748W0316_ch8k.wav,channel_8k,1,1,24,325
BAC009S0748W0237_noise10,BAC009S0748W0237,S0748,augmented/noise_snr10/S0748/BAC009S0748W0237_noise10.wav,noise_snr10,1,1,24,325
BAC009S0748W0237_ch8k,BAC009S0748W0237,S0748,augmented/channel_8k/S0748/BAC009S0748W0237_ch8k.wav,channel_8k,1,1,24,325
BAC009S0748W0162_noise10,BAC009S0748W0162,S0748,augmented/noise_snr10/S0748/BAC009S0748W0162_noise10.wav,noise_snr10,1,1,24,325
BAC009S0748W0162_ch8k,BAC009S0748W0162,S0748,augmented/channel_8k/S0748/BAC009S0748W0162_ch8k.wav,channel_8k,1,1,24,325
BAC009S0748W0221_noise10,BAC009S0748W0221,S0748,augmented/noise_snr10/S0748/BAC009S0748W0221_noise10.wav,noise_snr10,1,1,24,325
BAC009S0748W0221_ch8k,BAC009S0748W0221,S0748,augmented/channel_8k/S0748/BAC009S0748W0221_ch8k.wav,channel_8k,1,1,24,325
BAC009S0748W0132_noise10,BAC009S0748W0132,S0748,augmented/noise_snr10/S0748/BAC009S0748W0132_noise10.wav,noise_snr10,1,1,24,325
BAC009S0748W0132_ch8k,BAC009S0748W0132,S0748,augmented/channel_8k/S0748/BAC009S0748W0132_ch8k.wav,channel_8k,1,1,24,325
BAC009S0748W0292_noise10,BAC009S0748W0292,S0748,augmented/noise_snr10/S0748/BAC009S0748W0292_noise10.wav,noise_snr10,1,1,24,325
BAC009S0748W0292_ch8k,BAC009S0748W0292,S0748,augmented/channel_8k/S0748/BAC009S0748W0292_ch8k.wav,channel_8k,1,1,24,325
BAC009S0748W0486_noise10,BAC009S0748W0486,S0748,augmented/noise_snr10/S0748/BAC009S0748W0486_noise10.wav,noise_snr10,1,1,24,325
BAC009S0748W0486_ch8k,BAC009S0748W0486,S0748,augmented/channel_8k/S0748/BAC009S0748W0486_ch8k.wav,channel_8k,1,1,24,325
BAC009S0748W0354_noise10,BAC009S0748W0354,S0748,augmented/noise_snr10/S0748/BAC009S0748W0354_noise10.wav,noise_snr10,1,1,24,325
BAC009S0748W0354_ch8k,BAC009S0748W0354,S0748,augmented/channel_8k/S0748/BAC009S0748W0354_ch8k.wav,channel_8k,1,1,24,325
BAC009S0748W0361_noise10,BAC009S0748W0361,S0748,augmented/noise_snr10/S0748/BAC009S0748W0361_noise10.wav,noise_snr10,1,1,24,325
BAC009S0748W0361_ch8k,BAC009S0748W0361,S0748,augmented/channel_8k/S0748/BAC009S0748W0361_ch8k.wav,channel_8k,1,1,24,325
BAC009S0748W0171_noise10,BAC009S0748W0171,S0748,augmented/noise_snr10/S0748/BAC009S0748W0171_noise10.wav,noise_snr10,1,1,24,325
BAC009S0748W0171_ch8k,BAC009S0748W0171,S0748,augmented/channel_8k/S0748/BAC009S0748W0171_ch8k.wav,channel_8k,1,1,24,325
BAC009S0748W0131_noise10,BAC009S0748W0131,S0748,augmented/noise_snr10/S0748/BAC009S0748W0131_noise10.wav,noise_snr10,1,1,24,325
BAC009S0748W0131_ch8k,BAC009S0748W0131,S0748,augmented/channel_8k/S0748/BAC009S0748W0131_ch8k.wav,channel_8k,1,1,24,325
BAC009S0748W0437_noise10,BAC009S0748W0437,S0748,augmented/noise_snr10/S0748/BAC009S0748W0437_noise10.wav,noise_snr10,1,1,24,325
BAC009S0748W0437_ch8k,BAC009S0748W0437,S0748,augmented/channel_8k/S0748/BAC009S0748W0437_ch8k.wav,channel_8k,1,1,24,325
BAC009S0748W0428_noise10,BAC009S0748W0428,S0748,augmented/noise_snr10/S0748/BAC009S0748W0428_noise10.wav,noise_snr10,1,1,24,325
BAC009S0748W0428_ch8k,BAC009S0748W0428,S0748,augmented/channel_8k/S0748/BAC009S0748W0428_ch8k.wav,channel_8k,1,1,24,325
BAC009S0748W0483_noise10,BAC009S0748W0483,S0748,augmented/noise_snr10/S0748/BAC009S0748W0483_noise10.wav,noise_snr10,1,1,24,325
BAC009S0748W0483_ch8k,BAC009S0748W0483,S0748,augmented/channel_8k/S0748/BAC009S0748W0483_ch8k.wav,channel_8k,1,1,24,325
BAC009S0114W0439_noise10,BAC009S0114W0439,S0114,augmented/noise_snr10/S0114/BAC009S0114W0439_noise10.wav,noise_snr10,0,0,4,349
BAC009S0114W0439_ch8k,BAC009S0114W0439,S0114,augmented/channel_8k/S0114/BAC009S0114W0439_ch8k.wav,channel_8k,0,0,4,349
BAC009S0114W0379_noise10,BAC009S0114W0379,S0114,augmented/noise_snr10/S0114/BAC009S0114W0379_noise10.wav,noise_snr10,0,0,4,349
BAC009S0114W0379_ch8k,BAC009S0114W0379,S0114,augmented/channel_8k/S0114/BAC009S0114W0379_ch8k.wav,channel_8k,0,0,4,349
BAC009S0114W0142_noise10,BAC009S0114W0142,S0114,augmented/noise_snr10/S0114/BAC009S0114W0142_noise10.wav,noise_snr10,0,0,4,349
BAC009S0114W0142_ch8k,BAC009S0114W0142,S0114,augmented/channel_8k/S0114/BAC009S0114W0142_ch8k.wav,channel_8k,0,0,4,349
BAC009S0114W0388_noise10,BAC009S0114W0388,S0114,augmented/noise_snr10/S0114/BAC009S0114W0388_noise10.wav,noise_snr10,0,0,4,349
BAC009S0114W0388_ch8k,BAC009S0114W0388,S0114,augmented/channel_8k/S0114/BAC009S0114W0388_ch8k.wav,channel_8k,0,0,4,349
BAC009S0105W0228_noise10,BAC009S0105W0228,S0105,augmented/noise_snr10/S0105/BAC009S0105W0228_noise10.wav,noise_snr10,0,0,4,326
BAC009S0105W0228_ch8k,BAC009S0105W0228,S0105,augmented/channel_8k/S0105/BAC009S0105W0228_ch8k.wav,channel_8k,0,0,4,326
BAC009S0105W0482_noise10,BAC009S0105W0482,S0105,augmented/noise_snr10/S0105/BAC009S0105W0482_noise10.wav,noise_snr10,0,0,4,326
BAC009S0105W0482_ch8k,BAC009S0105W0482,S0105,augmented/channel_8k/S0105/BAC009S0105W0482_ch8k.wav,channel_8k,0,0,4,326
BAC009S0105W0420_noise10,BAC009S0105W0420,S0105,augmented/noise_snr10/S0105/BAC009S0105W0420_noise10.wav,noise_snr10,0,0,4,326
BAC009S0105W0420_ch8k,BAC009S0105W0420,S0105,augmented/channel_8k/S0105/BAC009S0105W0420_ch8k.wav,channel_8k,0,0,4,326
BAC009S0105W0169_noise10,BAC009S0105W0169,S0105,augmented/noise_snr10/S0105/BAC009S0105W0169_noise10.wav,noise_snr10,0,0,4,326
BAC009S0105W0169_ch8k,BAC009S0105W0169,S0105,augmented/channel_8k/S0105/BAC009S0105W0169_ch8k.wav,channel_8k,0,0,4,326
BAC009S0758W0273_noise10,BAC009S0758W0273,S0758,augmented/noise_snr10/S0758/BAC009S0758W0273_noise10.wav,noise_snr10,1,0,4,361
BAC009S0758W0273_ch8k,BAC009S0758W0273,S0758,augmented/channel_8k/S0758/BAC009S0758W0273_ch8k.wav,channel_8k,1,0,4,361
BAC009S0758W0240_noise10,BAC009S0758W0240,S0758,augmented/noise_snr10/S0758/BAC009S0758W0240_noise10.wav,noise_snr10,1,0,4,361
BAC009S0758W0240_ch8k,BAC009S0758W0240,S0758,augmented/channel_8k/S0758/BAC009S0758W0240_ch8k.wav,channel_8k,1,0,4,361
BAC009S0758W0281_noise10,BAC009S0758W0281,S0758,augmented/noise_snr10/S0758/BAC009S0758W0281_noise10.wav,noise_snr10,1,0,4,361
BAC009S0758W0281_ch8k,BAC009S0758W0281,S0758,augmented/channel_8k/S0758/BAC009S0758W0281_ch8k.wav,channel_8k,1,0,4,361
BAC009S0758W0357_noise10,BAC009S0758W0357,S0758,augmented/noise_snr10/S0758/BAC009S0758W0357_noise10.wav,noise_snr10,1,0,4,361
BAC009S0758W0357_ch8k,BAC009S0758W0357,S0758,augmented/channel_8k/S0758/BAC009S0758W0357_ch8k.wav,channel_8k,1,0,4,361
BAC009S0049W0425_noise10,BAC009S0049W0425,S0049,augmented/noise_snr10/S0049/BAC009S0049W0425_noise10.wav,noise_snr10,0,0,4,342
BAC009S0049W0425_ch8k,BAC009S0049W0425,S0049,augmented/channel_8k/S0049/BAC009S0049W0425_ch8k.wav,channel_8k,0,0,4,342
BAC009S0049W0439_noise10,BAC009S0049W0439,S0049,augmented/noise_snr10/S0049/BAC009S0049W0439_noise10.wav,noise_snr10,0,0,4,342
BAC009S0049W0439_ch8k,BAC009S0049W0439,S0049,augmented/channel_8k/S0049/BAC009S0049W0439_ch8k.wav,channel_8k,0,0,4,342
BAC009S0049W0130_noise10,BAC009S0049W0130,S0049,augmented/noise_snr10/S0049/BAC009S0049W0130_noise10.wav,noise_snr10,0,0,4,342
BAC009S0049W0130_ch8k,BAC009S0049W0130,S0049,augmented/channel_8k/S0049/BAC009S0049W0130_ch8k.wav,channel_8k,0,0,4,342
BAC009S0049W0489_noise10,BAC009S0049W0489,S0049,augmented/noise_snr10/S0049/BAC009S0049W0489_noise10.wav,noise_snr10,0,0,4,342
BAC009S0049W0489_ch8k,BAC009S0049W0489,S0049,augmented/channel_8k/S0049/BAC009S0049W0489_ch8k.wav,channel_8k,0,0,4,342
