orig_utt_id,aug_utt_id,spk_id,gender,condition,cos_clean_aug,embedding_drift
BAC009S0251W0458,BAC009S0251W0458_noise10,S0251,0,noise_snr10,0.7336268424987793,0.2663731575012207
BAC009S0251W0458,BAC009S0251W0458_ch8k,S0251,0,channel_8k,0.6603153944015503,0.3396846055984497
BAC009S0251W0349,BAC009S0251W0349_noise10,S0251,0,noise_snr10,0.6972783803939819,0.30272161960601807
BAC009S0251W0349,BAC009S0251W0349_ch8k,S0251,0,channel_8k,0.5292744040489197,0.4707255959510803
BAC009S0251W0248,BAC009S0251W0248_noise10,S0251,0,noise_snr10,0.7869362831115723,0.21306371688842773
BAC009S0251W0248,BAC009S0251W0248_ch8k,S0251,0,channel_8k,0.5727214813232422,0.4272785186767578
BAC009S0251W0448,BAC009S0251W0448_noise10,S0251,0,noise_snr10,0.778683066368103,0.22131693363189697
BAC009S0251W0448,BAC009S0251W0448_ch8k,S0251,0,channel_8k,0.5864608287811279,0.41353917121887207
BAC009S0251W0491,BAC009S0251W0491_noise10,S0251,0,noise_snr10,0.7693386673927307,0.2306613326072693
BAC009S0251W0491,BAC009S0251W0491_ch8k,S0251,0,channel_8k,0.555169403553009,0.44483059644699097
BAC009S0251W0312,BAC009S0251W0312_noise10,S0251,0,noise_snr10,0.7588874697685242,0.24111253023147583
BAC009S0251W0312,BAC009S0251W0312_ch8k,S0251,0,channel_8k,0.5544823408126831,0.4455176591873169
BAC009S0251W0151,BAC009S0251W0151_noise10,S0251,0,noise_snr10,0.6838371753692627,0.3161628246307373
BAC009S0251W0151,BAC009S0251W0151_ch8k,S0251,0,channel_8k,0.46186378598213196,0.538136214017868
BAC009S0251W0463,BAC009S0251W0463_noise10,S0251,0,noise_snr10,0.7043564319610596,0.29564356803894043
BAC009S0251W0463,BAC009S0251W0463_ch8k,S0251,0,channel_8k,0.5477720499038696,0.45222795009613037
BAC009S0251W0264,BAC009S0251W0264_noise10,S0251,0,noise_snr10,0.7588533759117126,0.24114662408828735
BAC009S0251W0264,BAC009S0251W0264_ch8k,S0251,0,channel_8k,0.6737358570098877,0.3262641429901123
BAC009S0251W0433,BAC009S0251W0433_noise10,S0251,0,noise_snr10,0.7373072504997253,0.26269274950027466
BAC009S0251W0433,BAC009S0251W0433_ch8k,S0251,0,channel_8k,0.5114859342575073,0.4885140657424927
BAC009S0251W0184,BAC009S0251W0184_noise10,S0251,0,noise_snr10,0.7806577682495117,0.21934223175048828
BAC009S0251W0184,BAC009S0251W0184_ch8k,S0251,0,channel_8k,0.5736509561538696,0.42634904384613037
BAC009S0251W0411,BAC009S0251W0411_noise10,S0251,0,noise_snr10,0.6080591082572937,0.3919408917427063
BAC009S0251W0411,BAC009S0251W0411_ch8k,S0251,0,channel_8k,0.5957252979278564,0.40427470207214355
BAC009S0251W0316,BAC009S0251W0316_noise10,S0251,0,noise_snr10,0.6930930614471436,0.30690693855285645
BAC009S0251W0316,BAC009S0251W0316_ch8k,S0251,0,channel_8k,0.5965708494186401,0.40342915058135986
BAC009S0251W0203,BAC009S0251W0203_noise10,S0251,0,noise_snr10,0.7868356704711914,0.2131643295288086
BAC009S0251W0203,BAC009S0251W0203_ch8k,S0251,0,channel_8k,0.550558865070343,0.449441134929657
BAC009S0251W0468,BAC009S0251W0468_noise10,S0251,0,noise_snr10,0.7433433532714844,0.2566566467285156
BAC009S0251W0468,BAC009S0251W0468_ch8k,S0251,0,channel_8k,0.6024690270423889,0.3975309729576111
BAC009S0251W0143,BAC009S0251W0143_noise10,S0251,0,noise_snr10,0.7210326790809631,0.27896732091903687
BAC009S0251W0143,BAC009S0251W0143_ch8k,S0251,0,channel_8k,0.5193121433258057,0.48068785667419434
BAC009S0251W0240,BAC009S0251W0240_noise10,S0251,0,noise_snr10,0.7792341709136963,0.2207658290863037
BAC009S0251W0240,BAC009S0251W0240_ch8k,S0251,0,channel_8k,0.697727620601654,0.30227237939834595
BAC009S0251W0191,BAC009S0251W0191_noise10,S0251,0,noise_snr10,0.7801533937454224,0.21984660625457764
BAC009S0251W0191,BAC009S0251W0191_ch8k,S0251,0,channel_8k,0.5923156142234802,0.4076843857765198
BAC009S0251W0222,BAC009S0251W0222_noise10,S0251,0,noise_snr10,0.7074562907218933,0.2925437092781067
BAC009S0251W0222,BAC009S0251W0222_ch8k,S0251,0,channel_8k,0.5177412629127502,0.48225873708724976
BAC009S0251W0182,BAC009S0251W0182_noise10,S0251,0,noise_snr10,0.7672372460365295,0.23276275396347046
BAC009S0251W0182,BAC009S0251W0182_ch8k,S0251,0,channel_8k,0.5375592708587646,0.46244072914123535
BAC009S0251W0470,BAC009S0251W0470_noise10,S0251,0,noise_snr10,0.6947805881500244,0.3052194118499756
BAC009S0251W0470,BAC009S0251W0470_ch8k,S0251,0,channel_8k,0.4987839460372925,0.5012160539627075
BAC009S0251W0464,BAC009S0251W0464_noise10,S0251,0,noise_snr10,0.7363342642784119,0.26366573572158813
BAC009S0251W0464,BAC009S0251W0464_ch8k,S0251,0,channel_8k,0.4738169312477112,0.5261830687522888
BAC009S0251W0154,BAC009S0251W0154_noise10,S0251,0,noise_snr10,0.7594541907310486,0.24054580926895142
BAC009S0251W0154,BAC009S0251W0154_ch8k,S0251,0,channel_8k,0.5688388347625732,0.43116116523742676
BAC009S0251W0239,BAC009S0251W0239_noise10,S0251,0,noise_snr10,0.7470167875289917,0.2529832124710083
BAC009S0251W0239,BAC009S0251W0239_ch8k,S0251,0,channel_8k,0.6711012125015259,0.3288987874984741
BAC009S0096W0157,BAC009S0096W0157_noise10,S0096,0,noise_snr10,0.6498439311981201,0.3501560688018799
BAC009S0096W0157,BAC009S0096W0157_ch8k,S0096,0,channel_8k,0.6503664255142212,0.3496335744857788
BAC009S0096W0308,BAC009S0096W0308_noise10,S0096,0,noise_snr10,0.5504918694496155,0.4495081305503845
BAC009S0096W0308,BAC009S0096W0308_ch8k,S0096,0,channel_8k,0.6526782512664795,0.3473217487335205
BAC009S0096W0361,BAC009S0096W0361_noise10,S0096,0,noise_snr10,0.5099583864212036,0.4900416135787964
BAC009S0096W0361,BAC009S0096W0361_ch8k,S0096,0,channel_8k,0.6574335694313049,0.34256643056869507
BAC009S0096W0165,BAC009S0096W0165_noise10,S0096,0,noise_snr10,0.5850841403007507,0.41491585969924927
BAC009S0096W0165,BAC009S0096W0165_ch8k,S0096,0,channel_8k,0.6421869993209839,0.3578130006790161
BAC009S0096W0490,BAC009S0096W0490_noise10,S0096,0,noise_snr10,0.5892166495323181,0.4107833504676819
BAC009S0096W0490,BAC009S0096W0490_ch8k,S0096,0,channel_8k,0.6589999198913574,0.3410000801086426
BAC009S0096W0195,BAC009S0096W0195_noise10,S0096,0,noise_snr10,0.6087329387664795,0.3912670612335205
BAC009S0096W0195,BAC009S0096W0195_ch8k,S0096,0,channel_8k,0.6939289569854736,0.30607104301452637
BAC009S0096W0280,BAC009S0096W0280_noise10,S0096,0,noise_snr10,0.5431461334228516,0.45685386657714844
BAC009S0096W0280,BAC009S0096W0280_ch8k,S0096,0,channel_8k,0.5887694358825684,0.41123056411743164
BAC009S0096W0260,BAC009S0096W0260_noise10,S0096,0,noise_snr10,0.631382167339325,0.36861783266067505
BAC009S0096W0260,BAC009S0096W0260_ch8k,S0096,0,channel_8k,0.6687850952148438,0.33121490478515625
BAC009S0096W0303,BAC009S0096W0303_noise10,S0096,0,noise_snr10,0.5888652205467224,0.4111347794532776
BAC009S0096W0303,BAC009S0096W0303_ch8k,S0096,0,channel_8k,0.6649537086486816,0.33504629135131836
BAC009S0096W0352,BAC009S0096W0352_noise10,S0096,0,noise_snr10,0.4990557134151459,0.5009442865848541
BAC009S0096W0352,BAC009S0096W0352_ch8k,S0096,0,channel_8k,0.6936142444610596,0.30638575553894043
BAC009S0096W0143,BAC009S0096W0143_noise10,S0096,0,noise_snr10,0.6382679343223572,0.3617320656776428
BAC009S0096W0143,BAC009S0096W0143_ch8k,S0096,0,channel_8k,0.6473634839057922,0.35263651609420776
BAC009S0096W0427,BAC009S0096W0427_noise10,S0096,0,noise_snr10,0.7243244051933289,0.27567559480667114
BAC009S0096W0427,BAC009S0096W0427_ch8k,S0096,0,channel_8k,0.7041566967964172,0.29584330320358276
BAC009S0096W0464,BAC009S0096W0464_noise10,S0096,0,noise_snr10,0.5440782308578491,0.4559217691421509
BAC009S0096W0464,BAC009S0096W0464_ch8k,S0096,0,channel_8k,0.6550741791725159,0.34492582082748413
BAC009S0096W0183,BAC009S0096W0183_noise10,S0096,0,noise_snr10,0.6637765765190125,0.33622342348098755
BAC009S0096W0183,BAC009S0096W0183_ch8k,S0096,0,channel_8k,0.6211951375007629,0.37880486249923706
BAC009S0096W0384,BAC009S0096W0384_noise10,S0096,0,noise_snr10,0.704497218132019,0.29550278186798096
BAC009S0096W0384,BAC009S0096W0384_ch8k,S0096,0,channel_8k,0.6688119173049927,0.3311880826950073
BAC009S0096W0172,BAC009S0096W0172_noise10,S0096,0,noise_snr10,0.7345095276832581,0.26549047231674194
BAC009S0096W0172,BAC009S0096W0172_ch8k,S0096,0,channel_8k,0.7159608602523804,0.28403913974761963
BAC009S0096W0251,BAC009S0096W0251_noise10,S0096,0,noise_snr10,0.7033708691596985,0.2966291308403015
BAC009S0096W0251,BAC009S0096W0251_ch8k,S0096,0,channel_8k,0.6774413585662842,0.3225586414337158
BAC009S0096W0190,BAC009S0096W0190_noise10,S0096,0,noise_snr10,0.7380144596099854,0.26198554039001465
BAC009S0096W0190,BAC009S0096W0190_ch8k,S0096,0,channel_8k,0.7209988236427307,0.2790011763572693
BAC009S0096W0329,BAC009S0096W0329_noise10,S0096,0,noise_snr10,0.5872223377227783,0.4127776622772217
BAC009S0096W0329,BAC009S0096W0329_ch8k,S0096,0,channel_8k,0.7668794393539429,0.23312056064605713
BAC009S0096W0474,BAC009S0096W0474_noise10,S0096,0,noise_snr10,0.5218194723129272,0.47818052768707275
BAC009S0096W0474,BAC009S0096W0474_ch8k,S0096,0,channel_8k,0.593775749206543,0.40622425079345703
BAC009S0096W0264,BAC009S0096W0264_noise10,S0096,0,noise_snr10,0.46388673782348633,0.5361132621765137
BAC009S0096W0264,BAC009S0096W0264_ch8k,S0096,0,channel_8k,0.6573402881622314,0.34265971183776855
BAC009S0096W0313,BAC009S0096W0313_noise10,S0096,0,noise_snr10,0.6448625326156616,0.3551374673843384
BAC009S0096W0313,BAC009S0096W0313_ch8k,S0096,0,channel_8k,0.6359949707984924,0.36400502920150757
BAC009S0096W0216,BAC009S0096W0216_noise10,S0096,0,noise_snr10,0.6685250997543335,0.3314749002456665
BAC009S0096W0216,BAC009S0096W0216_ch8k,S0096,0,channel_8k,0.6058709621429443,0.39412903785705566
BAC009S0096W0218,BAC009S0096W0218_noise10,S0096,0,noise_snr10,0.5126532912254333,0.48734670877456665
BAC009S0096W0218,BAC009S0096W0218_ch8k,S0096,0,channel_8k,0.6837901473045349,0.3162098526954651
BAC009S0160W0279,BAC009S0160W0279_noise10,S0160,1,noise_snr10,0.771431028842926,0.22856897115707397
BAC009S0160W0279,BAC009S0160W0279_ch8k,S0160,1,channel_8k,0.4595355987548828,0.5404644012451172
BAC009S0160W0134,BAC009S0160W0134_noise10,S0160,1,noise_snr10,0.7416135668754578,0.25838643312454224
BAC009S0160W0134,BAC009S0160W0134_ch8k,S0160,1,channel_8k,0.47920259833335876,0.5207974016666412
BAC009S0160W0166,BAC009S0160W0166_noise10,S0160,1,noise_snr10,0.7355768084526062,0.2644231915473938
BAC009S0160W0166,BAC009S0160W0166_ch8k,S0160,1,channel_8k,0.36143407225608826,0.6385659277439117
BAC009S0160W0485,BAC009S0160W0485_noise10,S0160,1,noise_snr10,0.6878626346588135,0.3121373653411865
BAC009S0160W0485,BAC009S0160W0485_ch8k,S0160,1,channel_8k,0.49782148003578186,0.5021785199642181
BAC009S0160W0194,BAC009S0160W0194_noise10,S0160,1,noise_snr10,0.6966771483421326,0.30332285165786743
BAC009S0160W0194,BAC009S0160W0194_ch8k,S0160,1,channel_8k,0.2713649868965149,0.7286350131034851
BAC009S0160W0451,BAC009S0160W0451_noise10,S0160,1,noise_snr10,0.751636266708374,0.24836373329162598
BAC009S0160W0451,BAC009S0160W0451_ch8k,S0160,1,channel_8k,0.3814629316329956,0.6185370683670044
BAC009S0160W0325,BAC009S0160W0325_noise10,S0160,1,noise_snr10,0.6997997164726257,0.30020028352737427
BAC009S0160W0325,BAC009S0160W0325_ch8k,S0160,1,channel_8k,0.5402078032493591,0.45979219675064087
BAC009S0160W0413,BAC009S0160W0413_noise10,S0160,1,noise_snr10,0.6058681607246399,0.3941318392753601
BAC009S0160W0413,BAC009S0160W0413_ch8k,S0160,1,channel_8k,0.4234677851200104,0.5765322148799896
BAC009S0160W0297,BAC009S0160W0297_noise10,S0160,1,noise_snr10,0.7493057250976562,0.25069427490234375
BAC009S0160W0297,BAC009S0160W0297_ch8k,S0160,1,channel_8k,0.5197646021842957,0.48023539781570435
BAC009S0160W0197,BAC009S0160W0197_noise10,S0160,1,noise_snr10,0.6859306693077087,0.31406933069229126
BAC009S0160W0197,BAC009S0160W0197_ch8k,S0160,1,channel_8k,0.41184002161026,0.58815997838974
BAC009S0160W0354,BAC009S0160W0354_noise10,S0160,1,noise_snr10,0.7529132962226868,0.24708670377731323
BAC009S0160W0354,BAC009S0160W0354_ch8k,S0160,1,channel_8k,0.490520715713501,0.509479284286499
BAC009S0160W0494,BAC009S0160W0494_noise10,S0160,1,noise_snr10,0.7067456841468811,0.2932543158531189
BAC009S0160W0494,BAC009S0160W0494_ch8k,S0160,1,channel_8k,0.49207279086112976,0.5079272091388702
BAC009S0160W0174,BAC009S0160W0174_noise10,S0160,1,noise_snr10,0.6997811198234558,0.3002188801765442
BAC009S0160W0174,BAC009S0160W0174_ch8k,S0160,1,channel_8k,0.5274128913879395,0.47258710861206055
BAC009S0160W0343,BAC009S0160W0343_noise10,S0160,1,noise_snr10,0.6012735366821289,0.3987264633178711
BAC009S0160W0343,BAC009S0160W0343_ch8k,S0160,1,channel_8k,0.4138740301132202,0.5861259698867798
BAC009S0160W0314,BAC009S0160W0314_noise10,S0160,1,noise_snr10,0.7248201370239258,0.2751798629760742
BAC009S0160W0314,BAC009S0160W0314_ch8k,S0160,1,channel_8k,0.6191565990447998,0.3808434009552002
BAC009S0160W0122,BAC009S0160W0122_noise10,S0160,1,noise_snr10,0.7638275623321533,0.23617243766784668
BAC009S0160W0122,BAC009S0160W0122_ch8k,S0160,1,channel_8k,0.4571164548397064,0.5428835451602936
BAC009S0160W0375,BAC009S0160W0375_noise10,S0160,1,noise_snr10,0.6435734629631042,0.35642653703689575
BAC009S0160W0375,BAC009S0160W0375_ch8k,S0160,1,channel_8k,0.46482908725738525,0.5351709127426147
BAC009S0160W0249,BAC009S0160W0249_noise10,S0160,1,noise_snr10,0.6028169989585876,0.39718300104141235
BAC009S0160W0249,BAC009S0160W0249_ch8k,S0160,1,channel_8k,0.5230780839920044,0.4769219160079956
BAC009S0160W0448,BAC009S0160W0448_noise10,S0160,1,noise_snr10,0.772157609462738,0.22784239053726196
BAC009S0160W0448,BAC009S0160W0448_ch8k,S0160,1,channel_8k,0.516394317150116,0.48360568284988403
BAC009S0160W0205,BAC009S0160W0205_noise10,S0160,1,noise_snr10,0.6083967685699463,0.3916032314300537
BAC009S0160W0205,BAC009S0160W0205_ch8k,S0160,1,channel_8k,0.438056081533432,0.561943918466568
BAC009S0160W0271,BAC009S0160W0271_noise10,S0160,1,noise_snr10,0.7114433646202087,0.28855663537979126
BAC009S0160W0271,BAC009S0160W0271_ch8k,S0160,1,channel_8k,0.41223961114883423,0.5877603888511658
BAC009S0160W0404,BAC009S0160W0404_noise10,S0160,1,noise_snr10,0.6659777164459229,0.33402228355407715
BAC009S0160W0404,BAC009S0160W0404_ch8k,S0160,1,channel_8k,0.3733672499656677,0.6266327500343323
BAC009S0160W0155,BAC009S0160W0155_noise10,S0160,1,noise_snr10,0.6651171445846558,0.33488285541534424
BAC009S0160W0155,BAC009S0160W0155_ch8k,S0160,1,channel_8k,0.42904186248779297,0.570958137512207
BAC009S0160W0260,BAC009S0160W0260_noise10,S0160,1,noise_snr10,0.7225909233093262,0.27740907669067383
BAC009S0160W0260,BAC009S0160W0260_ch8k,S0160,1,channel_8k,0.5199080109596252,0.48009198904037476
BAC009S0166W0435,BAC009S0166W0435_noise10,S0166,1,noise_snr10,0.7469261288642883,0.25307387113571167
BAC009S0166W0435,BAC009S0166W0435_ch8k,S0166,1,channel_8k,0.592028021812439,0.40797197818756104
BAC009S0166W0377,BAC009S0166W0377_noise10,S0166,1,noise_snr10,0.7557420134544373,0.24425798654556274
BAC009S0166W0377,BAC009S0166W0377_ch8k,S0166,1,channel_8k,0.5259292721748352,0.4740707278251648
BAC009S0166W0413,BAC009S0166W0413_noise10,S0166,1,noise_snr10,0.7967914342880249,0.2032085657119751
BAC009S0166W0413,BAC009S0166W0413_ch8k,S0166,1,channel_8k,0.6115902662277222,0.38840973377227783
BAC009S0166W0209,BAC009S0166W0209_noise10,S0166,1,noise_snr10,0.7167553901672363,0.28324460983276367
BAC009S0166W0209,BAC009S0166W0209_ch8k,S0166,1,channel_8k,0.5654987692832947,0.4345012307167053
BAC009S0166W0230,BAC009S0166W0230_noise10,S0166,1,noise_snr10,0.8151911497116089,0.1848088502883911
BAC009S0166W0230,BAC009S0166W0230_ch8k,S0166,1,channel_8k,0.6670050621032715,0.3329949378967285
BAC009S0166W0336,BAC009S0166W0336_noise10,S0166,1,noise_snr10,0.7817789316177368,0.21822106838226318
BAC009S0166W0336,BAC009S0166W0336_ch8k,S0166,1,channel_8k,0.5496000051498413,0.4503999948501587
BAC009S0166W0315,BAC009S0166W0315_noise10,S0166,1,noise_snr10,0.72581946849823,0.27418053150177
BAC009S0166W0315,BAC009S0166W0315_ch8k,S0166,1,channel_8k,0.6089410185813904,0.3910589814186096
BAC009S0166W0260,BAC009S0166W0260_noise10,S0166,1,noise_snr10,0.6468586325645447,0.3531413674354553
BAC009S0166W0260,BAC009S0166W0260_ch8k,S0166,1,channel_8k,0.5582970976829529,0.4417029023170471
BAC009S0166W0174,BAC009S0166W0174_noise10,S0166,1,noise_snr10,0.7180825471878052,0.2819174528121948
BAC009S0166W0174,BAC009S0166W0174_ch8k,S0166,1,channel_8k,0.565244197845459,0.434755802154541
BAC009S0166W0466,BAC009S0166W0466_noise10,S0166,1,noise_snr10,0.7263667583465576,0.2736332416534424
BAC009S0166W0466,BAC009S0166W0466_ch8k,S0166,1,channel_8k,0.5565159916877747,0.44348400831222534
BAC009S0166W0318,BAC009S0166W0318_noise10,S0166,1,noise_snr10,0.7816190123558044,0.21838098764419556
BAC009S0166W0318,BAC009S0166W0318_ch8k,S0166,1,channel_8k,0.5785835385322571,0.4214164614677429
BAC009S0166W0323,BAC009S0166W0323_noise10,S0166,1,noise_snr10,0.7804638743400574,0.21953612565994263
BAC009S0166W0323,BAC009S0166W0323_ch8k,S0166,1,channel_8k,0.570315957069397,0.429684042930603
BAC009S0166W0193,BAC009S0166W0193_noise10,S0166,1,noise_snr10,0.8315709829330444,0.16842901706695557
BAC009S0166W0193,BAC009S0166W0193_ch8k,S0166,1,channel_8k,0.6135720610618591,0.38642793893814087
BAC009S0166W0409,BAC009S0166W0409_noise10,S0166,1,noise_snr10,0.6811909079551697,0.3188090920448303
BAC009S0166W0409,BAC009S0166W0409_ch8k,S0166,1,channel_8k,0.38188669085502625,0.6181133091449738
BAC009S0166W0342,BAC009S0166W0342_noise10,S0166,1,noise_snr10,0.7760374546051025,0.22396254539489746
BAC009S0166W0342,BAC009S0166W0342_ch8k,S0166,1,channel_8k,0.5871891379356384,0.4128108620643616
BAC009S0166W0381,BAC009S0166W0381_noise10,S0166,1,noise_snr10,0.7370224595069885,0.2629775404930115
BAC009S0166W0381,BAC009S0166W0381_ch8k,S0166,1,channel_8k,0.573545515537262,0.42645448446273804
BAC009S0166W0240,BAC009S0166W0240_noise10,S0166,1,noise_snr10,0.7258175015449524,0.2741824984550476
BAC009S0166W0240,BAC009S0166W0240_ch8k,S0166,1,channel_8k,0.5810667872428894,0.4189332127571106
BAC009S0166W0257,BAC009S0166W0257_noise10,S0166,1,noise_snr10,0.7529893517494202,0.24701064825057983
BAC009S0166W0257,BAC009S0166W0257_ch8k,S0166,1,channel_8k,0.6449810266494751,0.3550189733505249
BAC009S0166W0147,BAC009S0166W0147_noise10,S0166,1,noise_snr10,0.7448481917381287,0.25515180826187134
BAC009S0166W0147,BAC009S0166W0147_ch8k,S0166,1,channel_8k,0.6555734872817993,0.3444265127182007
BAC009S0166W0457,BAC009S0166W0457_noise10,S0166,1,noise_snr10,0.7304439544677734,0.26955604553222656
BAC009S0166W0457,BAC009S0166W0457_ch8k,S0166,1,channel_8k,0.5367295742034912,0.4632704257965088
BAC009S0166W0135,BAC009S0166W0135_noise10,S0166,1,noise_snr10,0.8115730285644531,0.18842697143554688
BAC009S0166W0135,BAC009S0166W0135_ch8k,S0166,1,channel_8k,0.5822330117225647,0.4177669882774353
BAC009S0166W0495,BAC009S0166W0495_noise10,S0166,1,noise_snr10,0.7156261801719666,0.28437381982803345
BAC009S0166W0495,BAC009S0166W0495_ch8k,S0166,1,channel_8k,0.6353881359100342,0.3646118640899658
BAC009S0166W0436,BAC009S0166W0436_noise10,S0166,1,noise_snr10,0.8028091788291931,0.19719082117080688
BAC009S0166W0436,BAC009S0166W0436_ch8k,S0166,1,channel_8k,0.6546542048454285,0.34534579515457153
BAC009S0166W0175,BAC009S0166W0175_noise10,S0166,1,noise_snr10,0.7849717140197754,0.2150282859802246
BAC009S0166W0175,BAC009S0166W0175_ch8k,S0166,1,channel_8k,0.5598384737968445,0.4401615262031555
BAC009S0248W0477,BAC009S0248W0477_noise10,S0248,0,noise_snr10,0.7113040685653687,0.28869593143463135
BAC009S0248W0477,BAC009S0248W0477_ch8k,S0248,0,channel_8k,0.49337273836135864,0.5066272616386414
BAC009S0248W0388,BAC009S0248W0388_noise10,S0248,0,noise_snr10,0.644487738609314,0.35551226139068604
BAC009S0248W0388,BAC009S0248W0388_ch8k,S0248,0,channel_8k,0.4402352571487427,0.5597647428512573
BAC009S0248W0404,BAC009S0248W0404_noise10,S0248,0,noise_snr10,0.6739899516105652,0.3260100483894348
BAC009S0248W0404,BAC009S0248W0404_ch8k,S0248,0,channel_8k,0.5090730786323547,0.49092692136764526
BAC009S0248W0352,BAC009S0248W0352_noise10,S0248,0,noise_snr10,0.7881168127059937,0.21188318729400635
BAC009S0248W0352,BAC009S0248W0352_ch8k,S0248,0,channel_8k,0.47966909408569336,0.5203309059143066
BAC009S0248W0126,BAC009S0248W0126_noise10,S0248,0,noise_snr10,0.7800721526145935,0.2199278473854065
BAC009S0248W0126,BAC009S0248W0126_ch8k,S0248,0,channel_8k,0.47298702597618103,0.527012974023819
BAC009S0248W0291,BAC009S0248W0291_noise10,S0248,0,noise_snr10,0.628627359867096,0.37137264013290405
BAC009S0248W0291,BAC009S0248W0291_ch8k,S0248,0,channel_8k,0.4593394696712494,0.5406605303287506
BAC009S0248W0414,BAC009S0248W0414_noise10,S0248,0,noise_snr10,0.7639322280883789,0.2360677719116211
BAC009S0248W0414,BAC009S0248W0414_ch8k,S0248,0,channel_8k,0.5113610029220581,0.4886389970779419
BAC009S0248W0138,BAC009S0248W0138_noise10,S0248,0,noise_snr10,0.7530977725982666,0.2469022274017334
BAC009S0248W0138,BAC009S0248W0138_ch8k,S0248,0,channel_8k,0.5451365113258362,0.4548634886741638
BAC009S0248W0122,BAC009S0248W0122_noise10,S0248,0,noise_snr10,0.6509795784950256,0.34902042150497437
BAC009S0248W0122,BAC009S0248W0122_ch8k,S0248,0,channel_8k,0.4542452096939087,0.5457547903060913
BAC009S0248W0370,BAC009S0248W0370_noise10,S0248,0,noise_snr10,0.718624472618103,0.281375527381897
BAC009S0248W0370,BAC009S0248W0370_ch8k,S0248,0,channel_8k,0.4018896222114563,0.5981103777885437
BAC009S0248W0306,BAC009S0248W0306_noise10,S0248,0,noise_snr10,0.6873573660850525,0.3126426339149475
BAC009S0248W0306,BAC009S0248W0306_ch8k,S0248,0,channel_8k,0.5742853283882141,0.4257146716117859
BAC009S0248W0351,BAC009S0248W0351_noise10,S0248,0,noise_snr10,0.6440039873123169,0.3559960126876831
BAC009S0248W0351,BAC009S0248W0351_ch8k,S0248,0,channel_8k,0.4530225098133087,0.5469774901866913
BAC009S0248W0161,BAC009S0248W0161_noise10,S0248,0,noise_snr10,0.6796789765357971,0.3203210234642029
BAC009S0248W0161,BAC009S0248W0161_ch8k,S0248,0,channel_8k,0.5382086038589478,0.46179139614105225
BAC009S0248W0176,BAC009S0248W0176_noise10,S0248,0,noise_snr10,0.6661356687545776,0.33386433124542236
BAC009S0248W0176,BAC009S0248W0176_ch8k,S0248,0,channel_8k,0.43104317784309387,0.5689568221569061
BAC009S0248W0246,BAC009S0248W0246_noise10,S0248,0,noise_snr10,0.7349499464035034,0.2650500535964966
BAC009S0248W0246,BAC009S0248W0246_ch8k,S0248,0,channel_8k,0.4641534090042114,0.5358465909957886
BAC009S0248W0327,BAC009S0248W0327_noise10,S0248,0,noise_snr10,0.7511266469955444,0.24887335300445557
BAC009S0248W0327,BAC009S0248W0327_ch8k,S0248,0,channel_8k,0.5081964135169983,0.4918035864830017
BAC009S0248W0346,BAC009S0248W0346_noise10,S0248,0,noise_snr10,0.7296996116638184,0.27030038833618164
BAC009S0248W0346,BAC009S0248W0346_ch8k,S0248,0,channel_8k,0.5260065197944641,0.4739934802055359
BAC009S0248W0486,BAC009S0248W0486_noise10,S0248,0,noise_snr10,0.714404821395874,0.285595178604126
BAC009S0248W0486,BAC009S0248W0486_ch8k,S0248,0,channel_8k,0.4449276030063629,0.5550723969936371
BAC009S0248W0150,BAC009S0248W0150_noise10,S0248,0,noise_snr10,0.7233850359916687,0.2766149640083313
BAC009S0248W0150,BAC009S0248W0150_ch8k,S0248,0,channel_8k,0.47313976287841797,0.526860237121582
BAC009S0248W0292,BAC009S0248W0292_noise10,S0248,0,noise_snr10,0.7980868816375732,0.20191311836242676
BAC009S0248W0292,BAC009S0248W0292_ch8k,S0248,0,channel_8k,0.431010901927948,0.568989098072052
BAC009S0248W0471,BAC009S0248W0471_noise10,S0248,0,noise_snr10,0.7477456331253052,0.2522543668746948
BAC009S0248W0471,BAC009S0248W0471_ch8k,S0248,0,channel_8k,0.4603310823440552,0.5396689176559448
BAC009S0248W0133,BAC009S0248W0133_noise10,S0248,0,noise_snr10,0.7159161567687988,0.28408384323120117
BAC009S0248W0133,BAC009S0248W0133_ch8k,S0248,0,channel_8k,0.5498595237731934,0.45014047622680664
BAC009S0248W0495,BAC009S0248W0495_noise10,S0248,0,noise_snr10,0.7378203868865967,0.2621796131134033
BAC009S0248W0495,BAC009S0248W0495_ch8k,S0248,0,channel_8k,0.4187167286872864,0.5812832713127136
BAC009S0248W0206,BAC009S0248W0206_noise10,S0248,0,noise_snr10,0.7609013319015503,0.2390986680984497
BAC009S0248W0206,BAC009S0248W0206_ch8k,S0248,0,channel_8k,0.43972066044807434,0.5602793395519257
BAC009S0230W0278,BAC009S0230W0278_noise10,S0230,1,noise_snr10,0.718077540397644,0.28192245960235596
BAC009S0230W0278,BAC009S0230W0278_ch8k,S0230,1,channel_8k,0.4330761730670929,0.5669238269329071
BAC009S0230W0379,BAC009S0230W0379_noise10,S0230,1,noise_snr10,0.6387633681297302,0.3612366318702698
BAC009S0230W0379,BAC009S0230W0379_ch8k,S0230,1,channel_8k,0.4256722331047058,0.5743277668952942
BAC009S0230W0124,BAC009S0230W0124_noise10,S0230,1,noise_snr10,0.7582154870033264,0.24178451299667358
BAC009S0230W0124,BAC009S0230W0124_ch8k,S0230,1,channel_8k,0.444061815738678,0.555938184261322
BAC009S0230W0265,BAC009S0230W0265_noise10,S0230,1,noise_snr10,0.6667937636375427,0.3332062363624573
BAC009S0230W0265,BAC009S0230W0265_ch8k,S0230,1,channel_8k,0.426180362701416,0.573819637298584
BAC009S0230W0474,BAC009S0230W0474_noise10,S0230,1,noise_snr10,0.8044467568397522,0.1955532431602478
BAC009S0230W0474,BAC009S0230W0474_ch8k,S0230,1,channel_8k,0.29621028900146484,0.7037897109985352
BAC009S0230W0135,BAC009S0230W0135_noise10,S0230,1,noise_snr10,0.6587088108062744,0.3412911891937256
BAC009S0230W0135,BAC009S0230W0135_ch8k,S0230,1,channel_8k,0.3342905640602112,0.6657094359397888
BAC009S0230W0354,BAC009S0230W0354_noise10,S0230,1,noise_snr10,0.6650519371032715,0.3349480628967285
BAC009S0230W0354,BAC009S0230W0354_ch8k,S0230,1,channel_8k,0.23664745688438416,0.7633525431156158
BAC009S0230W0361,BAC009S0230W0361_noise10,S0230,1,noise_snr10,0.5839351415634155,0.4160648584365845
BAC009S0230W0361,BAC009S0230W0361_ch8k,S0230,1,channel_8k,0.4762246012687683,0.5237753987312317
BAC009S0230W0210,BAC009S0230W0210_noise10,S0230,1,noise_snr10,0.707347571849823,0.292652428150177
BAC009S0230W0210,BAC009S0230W0210_ch8k,S0230,1,channel_8k,0.3981727361679077,0.6018272638320923
BAC009S0230W0396,BAC009S0230W0396_noise10,S0230,1,noise_snr10,0.7930477261543274,0.2069522738456726
BAC009S0230W0396,BAC009S0230W0396_ch8k,S0230,1,channel_8k,0.5055004954338074,0.4944995045661926
BAC009S0230W0384,BAC009S0230W0384_noise10,S0230,1,noise_snr10,0.7073447704315186,0.29265522956848145
BAC009S0230W0384,BAC009S0230W0384_ch8k,S0230,1,channel_8k,0.3633783459663391,0.6366216540336609
BAC009S0230W0217,BAC009S0230W0217_noise10,S0230,1,noise_snr10,0.7449548840522766,0.2550451159477234
BAC009S0230W0217,BAC009S0230W0217_ch8k,S0230,1,channel_8k,0.49209022521972656,0.5079097747802734
BAC009S0230W0173,BAC009S0230W0173_noise10,S0230,1,noise_snr10,0.771928071975708,0.228071928024292
BAC009S0230W0173,BAC009S0230W0173_ch8k,S0230,1,channel_8k,0.390200138092041,0.609799861907959
BAC009S0230W0318,BAC009S0230W0318_noise10,S0230,1,noise_snr10,0.6811997294425964,0.31880027055740356
BAC009S0230W0318,BAC009S0230W0318_ch8k,S0230,1,channel_8k,0.4245278835296631,0.5754721164703369
BAC009S0230W0286,BAC009S0230W0286_noise10,S0230,1,noise_snr10,0.720050573348999,0.279949426651001
BAC009S0230W0286,BAC009S0230W0286_ch8k,S0230,1,channel_8k,0.5061820149421692,0.4938179850578308
BAC009S0230W0473,BAC009S0230W0473_noise10,S0230,1,noise_snr10,0.677434504032135,0.322565495967865
BAC009S0230W0473,BAC009S0230W0473_ch8k,S0230,1,channel_8k,0.39599326252937317,0.6040067374706268
BAC009S0230W0158,BAC009S0230W0158_noise10,S0230,1,noise_snr10,0.6500017046928406,0.3499982953071594
BAC009S0230W0158,BAC009S0230W0158_ch8k,S0230,1,channel_8k,0.5027023553848267,0.49729764461517334
BAC009S0230W0495,BAC009S0230W0495_noise10,S0230,1,noise_snr10,0.7390254139900208,0.26097458600997925
BAC009S0230W0495,BAC009S0230W0495_ch8k,S0230,1,channel_8k,0.2955312132835388,0.7044687867164612
BAC009S0230W0190,BAC009S0230W0190_noise10,S0230,1,noise_snr10,0.8055830597877502,0.19441694021224976
BAC009S0230W0190,BAC009S0230W0190_ch8k,S0230,1,channel_8k,0.40294480323791504,0.597055196762085
BAC009S0230W0352,BAC009S0230W0352_noise10,S0230,1,noise_snr10,0.6431878209114075,0.35681217908859253
BAC009S0230W0352,BAC009S0230W0352_ch8k,S0230,1,channel_8k,0.3079160451889038,0.6920839548110962
BAC009S0230W0405,BAC009S0230W0405_noise10,S0230,1,noise_snr10,0.7231502532958984,0.27684974670410156
BAC009S0230W0405,BAC009S0230W0405_ch8k,S0230,1,channel_8k,0.39119404554367065,0.6088059544563293
BAC009S0230W0491,BAC009S0230W0491_noise10,S0230,1,noise_snr10,0.7116087079048157,0.2883912920951843
BAC009S0230W0491,BAC009S0230W0491_ch8k,S0230,1,channel_8k,0.46662402153015137,0.5333759784698486
BAC009S0230W0152,BAC009S0230W0152_noise10,S0230,1,noise_snr10,0.7671908140182495,0.2328091859817505
BAC009S0230W0152,BAC009S0230W0152_ch8k,S0230,1,channel_8k,0.446402907371521,0.553597092628479
BAC009S0230W0432,BAC009S0230W0432_noise10,S0230,1,noise_snr10,0.745751142501831,0.25424885749816895
BAC009S0230W0432,BAC009S0230W0432_ch8k,S0230,1,channel_8k,0.3201005160808563,0.6798994839191437
BAC009S0192W0233,BAC009S0192W0233_noise10,S0192,1,noise_snr10,0.6889680027961731,0.3110319972038269
BAC009S0192W0233,BAC009S0192W0233_ch8k,S0192,1,channel_8k,0.555825412273407,0.444174587726593
BAC009S0192W0175,BAC009S0192W0175_noise10,S0192,1,noise_snr10,0.76385498046875,0.23614501953125
BAC009S0192W0175,BAC009S0192W0175_ch8k,S0192,1,channel_8k,0.5377984642982483,0.4622015357017517
BAC009S0192W0382,BAC009S0192W0382_noise10,S0192,1,noise_snr10,0.6754128336906433,0.3245871663093567
BAC009S0192W0382,BAC009S0192W0382_ch8k,S0192,1,channel_8k,0.5119756460189819,0.48802435398101807
BAC009S0192W0132,BAC009S0192W0132_noise10,S0192,1,noise_snr10,0.7283904552459717,0.2716095447540283
BAC009S0192W0132,BAC009S0192W0132_ch8k,S0192,1,channel_8k,0.5579590797424316,0.44204092025756836
BAC009S0192W0399,BAC009S0192W0399_noise10,S0192,1,noise_snr10,0.6981109380722046,0.3018890619277954
BAC009S0192W0399,BAC009S0192W0399_ch8k,S0192,1,channel_8k,0.45252352952957153,0.5474764704704285
BAC009S0192W0398,BAC009S0192W0398_noise10,S0192,1,noise_snr10,0.7597243189811707,0.24027568101882935
BAC009S0192W0398,BAC009S0192W0398_ch8k,S0192,1,channel_8k,0.5098299980163574,0.4901700019836426
BAC009S0192W0240,BAC009S0192W0240_noise10,S0192,1,noise_snr10,0.7583558559417725,0.24164414405822754
BAC009S0192W0240,BAC009S0192W0240_ch8k,S0192,1,channel_8k,0.32654091715812683,0.6734590828418732
BAC009S0192W0241,BAC009S0192W0241_noise10,S0192,1,noise_snr10,0.6757000088691711,0.32429999113082886
BAC009S0192W0241,BAC009S0192W0241_ch8k,S0192,1,channel_8k,0.4874419569969177,0.5125580430030823
BAC009S0192W0238,BAC009S0192W0238_noise10,S0192,1,noise_snr10,0.8123327493667603,0.18766725063323975
BAC009S0192W0238,BAC009S0192W0238_ch8k,S0192,1,channel_8k,0.39130765199661255,0.6086923480033875
BAC009S0192W0438,BAC009S0192W0438_noise10,S0192,1,noise_snr10,0.8256186842918396,0.1743813157081604
BAC009S0192W0438,BAC009S0192W0438_ch8k,S0192,1,channel_8k,0.5596043467521667,0.44039565324783325
BAC009S0192W0220,BAC009S0192W0220_noise10,S0192,1,noise_snr10,0.745016872882843,0.254983127117157
BAC009S0192W0220,BAC009S0192W0220_ch8k,S0192,1,channel_8k,0.5293645858764648,0.47063541412353516
BAC009S0192W0345,BAC009S0192W0345_noise10,S0192,1,noise_snr10,0.7534578442573547,0.24654215574264526
BAC009S0192W0345,BAC009S0192W0345_ch8k,S0192,1,channel_8k,0.4914383888244629,0.5085616111755371
BAC009S0192W0136,BAC009S0192W0136_noise10,S0192,1,noise_snr10,0.7780911326408386,0.22190886735916138
BAC009S0192W0136,BAC009S0192W0136_ch8k,S0192,1,channel_8k,0.5191957354545593,0.4808042645454407
BAC009S0192W0307,BAC009S0192W0307_noise10,S0192,1,noise_snr10,0.7880045175552368,0.21199548244476318
BAC009S0192W0307,BAC009S0192W0307_ch8k,S0192,1,channel_8k,0.43927475810050964,0.5607252418994904
BAC009S0192W0377,BAC009S0192W0377_noise10,S0192,1,noise_snr10,0.6490023136138916,0.3509976863861084
BAC009S0192W0377,BAC009S0192W0377_ch8k,S0192,1,channel_8k,0.41885486245155334,0.5811451375484467
BAC009S0192W0461,BAC009S0192W0461_noise10,S0192,1,noise_snr10,0.5798588991165161,0.4201411008834839
BAC009S0192W0461,BAC009S0192W0461_ch8k,S0192,1,channel_8k,0.4786156117916107,0.5213843882083893
BAC009S0192W0231,BAC009S0192W0231_noise10,S0192,1,noise_snr10,0.7865941524505615,0.21340584754943848
BAC009S0192W0231,BAC009S0192W0231_ch8k,S0192,1,channel_8k,0.5452824831008911,0.4547175168991089
BAC009S0192W0424,BAC009S0192W0424_noise10,S0192,1,noise_snr10,0.7731288075447083,0.22687119245529175
BAC009S0192W0424,BAC009S0192W0424_ch8k,S0192,1,channel_8k,0.4181009531021118,0.5818990468978882
BAC009S0192W0440,BAC009S0192W0440_noise10,S0192,1,noise_snr10,0.6332533955574036,0.36674660444259644
BAC009S0192W0440,BAC009S0192W0440_ch8k,S0192,1,channel_8k,0.5726450681686401,0.42735493183135986
BAC009S0192W0216,BAC009S0192W0216_noise10,S0192,1,noise_snr10,0.7468913793563843,0.2531086206436157
BAC009S0192W0216,BAC009S0192W0216_ch8k,S0192,1,channel_8k,0.6118379235267639,0.3881620764732361
BAC009S0192W0234,BAC009S0192W0234_noise10,S0192,1,noise_snr10,0.8189223408699036,0.18107765913009644
BAC009S0192W0234,BAC009S0192W0234_ch8k,S0192,1,channel_8k,0.5048395991325378,0.49516040086746216
BAC009S0192W0387,BAC009S0192W0387_noise10,S0192,1,noise_snr10,0.8034814596176147,0.19651854038238525
BAC009S0192W0387,BAC009S0192W0387_ch8k,S0192,1,channel_8k,0.5078182220458984,0.49218177795410156
BAC009S0192W0160,BAC009S0192W0160_noise10,S0192,1,noise_snr10,0.7300782203674316,0.26992177963256836
BAC009S0192W0160,BAC009S0192W0160_ch8k,S0192,1,channel_8k,0.3955164849758148,0.6044835150241852
BAC009S0192W0425,BAC009S0192W0425_noise10,S0192,1,noise_snr10,0.6791443824768066,0.32085561752319336
BAC009S0192W0425,BAC009S0192W0425_ch8k,S0192,1,channel_8k,0.5981159210205078,0.4018840789794922
BAC009S0124W0197,BAC009S0124W0197_noise10,S0124,1,noise_snr10,0.7635843753814697,0.23641562461853027
BAC009S0124W0197,BAC009S0124W0197_ch8k,S0124,1,channel_8k,0.5470628142356873,0.45293718576431274
BAC009S0124W0160,BAC009S0124W0160_noise10,S0124,1,noise_snr10,0.715922474861145,0.284077525138855
BAC009S0124W0160,BAC009S0124W0160_ch8k,S0124,1,channel_8k,0.4775625765323639,0.5224374234676361
BAC009S0124W0212,BAC009S0124W0212_noise10,S0124,1,noise_snr10,0.8063734769821167,0.1936265230178833
BAC009S0124W0212,BAC009S0124W0212_ch8k,S0124,1,channel_8k,0.45943430066108704,0.540565699338913
BAC009S0124W0483,BAC009S0124W0483_noise10,S0124,1,noise_snr10,0.801211416721344,0.198788583278656
BAC009S0124W0483,BAC009S0124W0483_ch8k,S0124,1,channel_8k,0.49670884013175964,0.5032911598682404
BAC009S0124W0306,BAC009S0124W0306_noise10,S0124,1,noise_snr10,0.7218568921089172,0.27814310789108276
BAC009S0124W0306,BAC009S0124W0306_ch8k,S0124,1,channel_8k,0.49835169315338135,0.5016483068466187
BAC009S0124W0400,BAC009S0124W0400_noise10,S0124,1,noise_snr10,0.6625580191612244,0.33744198083877563
BAC009S0124W0400,BAC009S0124W0400_ch8k,S0124,1,channel_8k,0.5538911819458008,0.4461088180541992
BAC009S0124W0165,BAC009S0124W0165_noise10,S0124,1,noise_snr10,0.7759025692939758,0.22409743070602417
BAC009S0124W0165,BAC009S0124W0165_ch8k,S0124,1,channel_8k,0.4955570101737976,0.5044429898262024
BAC009S0124W0194,BAC009S0124W0194_noise10,S0124,1,noise_snr10,0.6962318420410156,0.3037681579589844
BAC009S0124W0194,BAC009S0124W0194_ch8k,S0124,1,channel_8k,0.5466406345367432,0.45335936546325684
BAC009S0124W0361,BAC009S0124W0361_noise10,S0124,1,noise_snr10,0.7714196443557739,0.22858035564422607
BAC009S0124W0361,BAC009S0124W0361_ch8k,S0124,1,channel_8k,0.47698283195495605,0.523017168045044
BAC009S0124W0171,BAC009S0124W0171_noise10,S0124,1,noise_snr10,0.7398837804794312,0.26011621952056885
BAC009S0124W0171,BAC009S0124W0171_ch8k,S0124,1,channel_8k,0.47250479459762573,0.5274952054023743
BAC009S0124W0129,BAC009S0124W0129_noise10,S0124,1,noise_snr10,0.7367238402366638,0.2632761597633362
BAC009S0124W0129,BAC009S0124W0129_ch8k,S0124,1,channel_8k,0.4651055932044983,0.5348944067955017
BAC009S0124W0379,BAC009S0124W0379_noise10,S0124,1,noise_snr10,0.780509889125824,0.21949011087417603
BAC009S0124W0379,BAC009S0124W0379_ch8k,S0124,1,channel_8k,0.508467972278595,0.49153202772140503
BAC009S0124W0177,BAC009S0124W0177_noise10,S0124,1,noise_snr10,0.6764934659004211,0.32350653409957886
BAC009S0124W0177,BAC009S0124W0177_ch8k,S0124,1,channel_8k,0.3629326820373535,0.6370673179626465
BAC009S0124W0491,BAC009S0124W0491_noise10,S0124,1,noise_snr10,0.7629057765007019,0.2370942234992981
BAC009S0124W0491,BAC009S0124W0491_ch8k,S0124,1,channel_8k,0.4544703960418701,0.5455296039581299
BAC009S0124W0365,BAC009S0124W0365_noise10,S0124,1,noise_snr10,0.5921095609664917,0.4078904390335083
BAC009S0124W0365,BAC009S0124W0365_ch8k,S0124,1,channel_8k,0.42974504828453064,0.5702549517154694
BAC009S0124W0238,BAC009S0124W0238_noise10,S0124,1,noise_snr10,0.7886363863945007,0.21136361360549927
BAC009S0124W0238,BAC009S0124W0238_ch8k,S0124,1,channel_8k,0.427413672208786,0.572586327791214
BAC009S0124W0130,BAC009S0124W0130_noise10,S0124,1,noise_snr10,0.7703285813331604,0.2296714186668396
BAC009S0124W0130,BAC009S0124W0130_ch8k,S0124,1,channel_8k,0.40885329246520996,0.59114670753479
BAC009S0124W0298,BAC009S0124W0298_noise10,S0124,1,noise_snr10,0.7387719750404358,0.2612280249595642
BAC009S0124W0298,BAC009S0124W0298_ch8k,S0124,1,channel_8k,0.6509259939193726,0.34907400608062744
BAC009S0124W0395,BAC009S0124W0395_noise10,S0124,1,noise_snr10,0.8097047805786133,0.19029521942138672
BAC009S0124W0395,BAC009S0124W0395_ch8k,S0124,1,channel_8k,0.5398916006088257,0.4601083993911743
BAC009S0124W0340,BAC009S0124W0340_noise10,S0124,1,noise_snr10,0.683908998966217,0.31609100103378296
BAC009S0124W0340,BAC009S0124W0340_ch8k,S0124,1,channel_8k,0.4547835886478424,0.5452164113521576
BAC009S0124W0121,BAC009S0124W0121_noise10,S0124,1,noise_snr10,0.6347004175186157,0.3652995824813843
BAC009S0124W0121,BAC009S0124W0121_ch8k,S0124,1,channel_8k,0.4704475700855255,0.5295524299144745
BAC009S0124W0219,BAC009S0124W0219_noise10,S0124,1,noise_snr10,0.7469267249107361,0.2530732750892639
BAC009S0124W0219,BAC009S0124W0219_ch8k,S0124,1,channel_8k,0.5224509239196777,0.47754907608032227
BAC009S0124W0378,BAC009S0124W0378_noise10,S0124,1,noise_snr10,0.5858129262924194,0.41418707370758057
BAC009S0124W0378,BAC009S0124W0378_ch8k,S0124,1,channel_8k,0.5706769824028015,0.4293230175971985
BAC009S0124W0363,BAC009S0124W0363_noise10,S0124,1,noise_snr10,0.7943247556686401,0.20567524433135986
BAC009S0124W0363,BAC009S0124W0363_ch8k,S0124,1,channel_8k,0.4576270580291748,0.5423729419708252
BAC009S0340W0266,BAC009S0340W0266_noise10,S0340,1,noise_snr10,0.738815426826477,0.26118457317352295
BAC009S0340W0266,BAC009S0340W0266_ch8k,S0340,1,channel_8k,0.6730144619941711,0.32698553800582886
BAC009S0340W0150,BAC009S0340W0150_noise10,S0340,1,noise_snr10,0.6619881391525269,0.33801186084747314
BAC009S0340W0150,BAC009S0340W0150_ch8k,S0340,1,channel_8k,0.5835784673690796,0.4164215326309204
BAC009S0340W0229,BAC009S0340W0229_noise10,S0340,1,noise_snr10,0.6715442538261414,0.32845574617385864
BAC009S0340W0229,BAC009S0340W0229_ch8k,S0340,1,channel_8k,0.6222667098045349,0.3777332901954651
BAC009S0340W0385,BAC009S0340W0385_noise10,S0340,1,noise_snr10,0.6534678339958191,0.3465321660041809
BAC009S0340W0385,BAC009S0340W0385_ch8k,S0340,1,channel_8k,0.4134228825569153,0.5865771174430847
BAC009S0340W0179,BAC009S0340W0179_noise10,S0340,1,noise_snr10,0.7054110765457153,0.29458892345428467
BAC009S0340W0179,BAC009S0340W0179_ch8k,S0340,1,channel_8k,0.6262271404266357,0.37377285957336426
BAC009S0340W0134,BAC009S0340W0134_noise10,S0340,1,noise_snr10,0.65257728099823,0.34742271900177
BAC009S0340W0134,BAC009S0340W0134_ch8k,S0340,1,channel_8k,0.44625815749168396,0.553741842508316
BAC009S0340W0384,BAC009S0340W0384_noise10,S0340,1,noise_snr10,0.7063927054405212,0.29360729455947876
BAC009S0340W0384,BAC009S0340W0384_ch8k,S0340,1,channel_8k,0.4700814187526703,0.5299185812473297
BAC009S0340W0255,BAC009S0340W0255_noise10,S0340,1,noise_snr10,0.6102797389030457,0.38972026109695435
BAC009S0340W0255,BAC009S0340W0255_ch8k,S0340,1,channel_8k,0.32591238617897034,0.6740876138210297
BAC009S0340W0337,BAC009S0340W0337_noise10,S0340,1,noise_snr10,0.695742130279541,0.304257869720459
BAC009S0340W0337,BAC009S0340W0337_ch8k,S0340,1,channel_8k,0.43783366680145264,0.5621663331985474
BAC009S0340W0227,BAC009S0340W0227_noise10,S0340,1,noise_snr10,0.6271454691886902,0.3728545308113098
BAC009S0340W0227,BAC009S0340W0227_ch8k,S0340,1,channel_8k,0.3031650185585022,0.6968349814414978
BAC009S0340W0363,BAC009S0340W0363_noise10,S0340,1,noise_snr10,0.7111450433731079,0.2888549566268921
BAC009S0340W0363,BAC009S0340W0363_ch8k,S0340,1,channel_8k,0.5418239831924438,0.45817601680755615
BAC009S0340W0129,BAC009S0340W0129_noise10,S0340,1,noise_snr10,0.5198794603347778,0.48012053966522217
BAC009S0340W0129,BAC009S0340W0129_ch8k,S0340,1,channel_8k,0.41775843501091003,0.58224156498909
BAC009S0340W0186,BAC009S0340W0186_noise10,S0340,1,noise_snr10,0.7070193290710449,0.2929806709289551
BAC009S0340W0186,BAC009S0340W0186_ch8k,S0340,1,channel_8k,0.4659614861011505,0.5340385138988495
BAC009S0340W0443,BAC009S0340W0443_noise10,S0340,1,noise_snr10,0.6105741262435913,0.3894258737564087
BAC009S0340W0443,BAC009S0340W0443_ch8k,S0340,1,channel_8k,0.4550504982471466,0.5449495017528534
BAC009S0340W0428,BAC009S0340W0428_noise10,S0340,1,noise_snr10,0.7127301096916199,0.2872698903083801
BAC009S0340W0428,BAC009S0340W0428_ch8k,S0340,1,channel_8k,0.583383321762085,0.41661667823791504
BAC009S0340W0311,BAC009S0340W0311_noise10,S0340,1,noise_snr10,0.6777435541152954,0.3222564458847046
BAC009S0340W0311,BAC009S0340W0311_ch8k,S0340,1,channel_8k,0.4522262215614319,0.5477737784385681
BAC009S0340W0447,BAC009S0340W0447_noise10,S0340,1,noise_snr10,0.628473162651062,0.371526837348938
BAC009S0340W0447,BAC009S0340W0447_ch8k,S0340,1,channel_8k,0.5321084856987,0.46789151430130005
BAC009S0340W0482,BAC009S0340W0482_noise10,S0340,1,noise_snr10,0.500162661075592,0.49983733892440796
BAC009S0340W0482,BAC009S0340W0482_ch8k,S0340,1,channel_8k,0.4500828981399536,0.5499171018600464
BAC009S0340W0445,BAC009S0340W0445_noise10,S0340,1,noise_snr10,0.6848464012145996,0.3151535987854004
BAC009S0340W0445,BAC009S0340W0445_ch8k,S0340,1,channel_8k,0.5345429182052612,0.46545708179473877
BAC009S0340W0155,BAC009S0340W0155_noise10,S0340,1,noise_snr10,0.6651303172111511,0.3348696827888489
BAC009S0340W0155,BAC009S0340W0155_ch8k,S0340,1,channel_8k,0.4740106463432312,0.5259893536567688
BAC009S0340W0136,BAC009S0340W0136_noise10,S0340,1,noise_snr10,0.6899152994155884,0.3100847005844116
BAC009S0340W0136,BAC009S0340W0136_ch8k,S0340,1,channel_8k,0.5886805057525635,0.4113194942474365
BAC009S0340W0419,BAC009S0340W0419_noise10,S0340,1,noise_snr10,0.6879549622535706,0.31204503774642944
BAC009S0340W0419,BAC009S0340W0419_ch8k,S0340,1,channel_8k,0.4775612950325012,0.5224387049674988
BAC009S0340W0207,BAC009S0340W0207_noise10,S0340,1,noise_snr10,0.5944575667381287,0.40554243326187134
BAC009S0340W0207,BAC009S0340W0207_ch8k,S0340,1,channel_8k,0.5612145066261292,0.43878549337387085
BAC009S0340W0171,BAC009S0340W0171_noise10,S0340,1,noise_snr10,0.6967847943305969,0.3032152056694031
BAC009S0340W0171,BAC009S0340W0171_ch8k,S0340,1,channel_8k,0.5590543746948242,0.4409456253051758
BAC009S0517W0244,BAC009S0517W0244_noise10,S0517,1,noise_snr10,0.6834260821342468,0.3165739178657532
BAC009S0517W0244,BAC009S0517W0244_ch8k,S0517,1,channel_8k,0.3642526865005493,0.6357473134994507
BAC009S0517W0227,BAC009S0517W0227_noise10,S0517,1,noise_snr10,0.6283159255981445,0.37168407440185547
BAC009S0517W0227,BAC009S0517W0227_ch8k,S0517,1,channel_8k,0.2562069296836853,0.7437930703163147
BAC009S0517W0373,BAC009S0517W0373_noise10,S0517,1,noise_snr10,0.6739116311073303,0.3260883688926697
BAC009S0517W0373,BAC009S0517W0373_ch8k,S0517,1,channel_8k,0.3219226002693176,0.6780773997306824
BAC009S0517W0135,BAC009S0517W0135_noise10,S0517,1,noise_snr10,0.7582257986068726,0.24177420139312744
BAC009S0517W0135,BAC009S0517W0135_ch8k,S0517,1,channel_8k,0.4631790816783905,0.5368209183216095
BAC009S0517W0365,BAC009S0517W0365_noise10,S0517,1,noise_snr10,0.6073780655860901,0.3926219344139099
BAC009S0517W0365,BAC009S0517W0365_ch8k,S0517,1,channel_8k,0.42814937233924866,0.5718506276607513
BAC009S0517W0447,BAC009S0517W0447_noise10,S0517,1,noise_snr10,0.6489285230636597,0.35107147693634033
BAC009S0517W0447,BAC009S0517W0447_ch8k,S0517,1,channel_8k,0.3173825144767761,0.6826174855232239
BAC009S0517W0188,BAC009S0517W0188_noise10,S0517,1,noise_snr10,0.5998223423957825,0.40017765760421753
BAC009S0517W0188,BAC009S0517W0188_ch8k,S0517,1,channel_8k,0.559481680393219,0.440518319606781
BAC009S0517W0490,BAC009S0517W0490_noise10,S0517,1,noise_snr10,0.5391392707824707,0.4608607292175293
BAC009S0517W0490,BAC009S0517W0490_ch8k,S0517,1,channel_8k,0.41113340854644775,0.5888665914535522
BAC009S0517W0448,BAC009S0517W0448_noise10,S0517,1,noise_snr10,0.6078831553459167,0.39211684465408325
BAC009S0517W0448,BAC009S0517W0448_ch8k,S0517,1,channel_8k,0.3873303234577179,0.6126696765422821
BAC009S0517W0316,BAC009S0517W0316_noise10,S0517,1,noise_snr10,0.6439407467842102,0.3560592532157898
BAC009S0517W0316,BAC009S0517W0316_ch8k,S0517,1,channel_8k,0.2576560378074646,0.7423439621925354
BAC009S0517W0208,BAC009S0517W0208_noise10,S0517,1,noise_snr10,0.6151831746101379,0.38481682538986206
BAC009S0517W0208,BAC009S0517W0208_ch8k,S0517,1,channel_8k,0.3639925718307495,0.6360074281692505
BAC009S0517W0216,BAC009S0517W0216_noise10,S0517,1,noise_snr10,0.6462820172309875,0.35371798276901245
BAC009S0517W0216,BAC009S0517W0216_ch8k,S0517,1,channel_8k,0.41242673993110657,0.5875732600688934
BAC009S0517W0285,BAC009S0517W0285_noise10,S0517,1,noise_snr10,0.631758987903595,0.36824101209640503
BAC009S0517W0285,BAC009S0517W0285_ch8k,S0517,1,channel_8k,0.4587754011154175,0.5412245988845825
BAC009S0517W0342,BAC009S0517W0342_noise10,S0517,1,noise_snr10,0.4503893256187439,0.5496106743812561
BAC009S0517W0342,BAC009S0517W0342_ch8k,S0517,1,channel_8k,0.4197133481502533,0.5802866518497467
BAC009S0517W0376,BAC009S0517W0376_noise10,S0517,1,noise_snr10,0.7147848606109619,0.2852151393890381
BAC009S0517W0376,BAC009S0517W0376_ch8k,S0517,1,channel_8k,0.424445778131485,0.575554221868515
BAC009S0517W0156,BAC009S0517W0156_noise10,S0517,1,noise_snr10,0.729592502117157,0.270407497882843
BAC009S0517W0156,BAC009S0517W0156_ch8k,S0517,1,channel_8k,0.4369196891784668,0.5630803108215332
BAC009S0517W0467,BAC009S0517W0467_noise10,S0517,1,noise_snr10,0.7206519246101379,0.27934807538986206
BAC009S0517W0467,BAC009S0517W0467_ch8k,S0517,1,channel_8k,0.47657567262649536,0.5234243273735046
BAC009S0517W0326,BAC009S0517W0326_noise10,S0517,1,noise_snr10,0.5838714838027954,0.4161285161972046
BAC009S0517W0326,BAC009S0517W0326_ch8k,S0517,1,channel_8k,0.41041338443756104,0.589586615562439
BAC009S0517W0310,BAC009S0517W0310_noise10,S0517,1,noise_snr10,0.7147243022918701,0.2852756977081299
BAC009S0517W0310,BAC009S0517W0310_ch8k,S0517,1,channel_8k,0.49869367480278015,0.5013063251972198
BAC009S0517W0256,BAC009S0517W0256_noise10,S0517,1,noise_snr10,0.6788307428359985,0.32116925716400146
BAC009S0517W0256,BAC009S0517W0256_ch8k,S0517,1,channel_8k,0.3785474896430969,0.6214525103569031
BAC009S0517W0395,BAC009S0517W0395_noise10,S0517,1,noise_snr10,0.5813841223716736,0.4186158776283264
BAC009S0517W0395,BAC009S0517W0395_ch8k,S0517,1,channel_8k,0.3612523078918457,0.6387476921081543
BAC009S0517W0479,BAC009S0517W0479_noise10,S0517,1,noise_snr10,0.6808496117591858,0.3191503882408142
BAC009S0517W0479,BAC009S0517W0479_ch8k,S0517,1,channel_8k,0.43224674463272095,0.567753255367279
BAC009S0517W0291,BAC009S0517W0291_noise10,S0517,1,noise_snr10,0.47849908471107483,0.5215009152889252
BAC009S0517W0291,BAC009S0517W0291_ch8k,S0517,1,channel_8k,0.4663327932357788,0.5336672067642212
BAC009S0517W0455,BAC009S0517W0455_noise10,S0517,1,noise_snr10,0.7082788348197937,0.2917211651802063
BAC009S0517W0455,BAC009S0517W0455_ch8k,S0517,1,channel_8k,0.44204816222190857,0.5579518377780914
BAC009S0194W0228,BAC009S0194W0228_noise10,S0194,1,noise_snr10,0.7853059768676758,0.21469402313232422
BAC009S0194W0228,BAC009S0194W0228_ch8k,S0194,1,channel_8k,0.4752434492111206,0.5247565507888794
BAC009S0194W0443,BAC009S0194W0443_noise10,S0194,1,noise_snr10,0.8359857201576233,0.1640142798423767
BAC009S0194W0443,BAC009S0194W0443_ch8k,S0194,1,channel_8k,0.4160606563091278,0.5839393436908722
BAC009S0194W0140,BAC009S0194W0140_noise10,S0194,1,noise_snr10,0.7872392535209656,0.21276074647903442
BAC009S0194W0140,BAC009S0194W0140_ch8k,S0194,1,channel_8k,0.3617193400859833,0.6382806599140167
BAC009S0194W0302,BAC009S0194W0302_noise10,S0194,1,noise_snr10,0.7084892988204956,0.2915107011795044
BAC009S0194W0302,BAC009S0194W0302_ch8k,S0194,1,channel_8k,0.3527975082397461,0.6472024917602539
BAC009S0194W0416,BAC009S0194W0416_noise10,S0194,1,noise_snr10,0.7691981196403503,0.23080188035964966
BAC009S0194W0416,BAC009S0194W0416_ch8k,S0194,1,channel_8k,0.47539830207824707,0.5246016979217529
BAC009S0194W0133,BAC009S0194W0133_noise10,S0194,1,noise_snr10,0.7234947085380554,0.2765052914619446
BAC009S0194W0133,BAC009S0194W0133_ch8k,S0194,1,channel_8k,0.46557798981666565,0.5344220101833344
BAC009S0194W0370,BAC009S0194W0370_noise10,S0194,1,noise_snr10,0.7535424828529358,0.2464575171470642
BAC009S0194W0370,BAC009S0194W0370_ch8k,S0194,1,channel_8k,0.5279593467712402,0.47204065322875977
BAC009S0194W0248,BAC009S0194W0248_noise10,S0194,1,noise_snr10,0.7324626445770264,0.26753735542297363
BAC009S0194W0248,BAC009S0194W0248_ch8k,S0194,1,channel_8k,0.4400356411933899,0.5599643588066101
BAC009S0194W0143,BAC009S0194W0143_noise10,S0194,1,noise_snr10,0.7572907209396362,0.24270927906036377
BAC009S0194W0143,BAC009S0194W0143_ch8k,S0194,1,channel_8k,0.45220595598220825,0.5477940440177917
BAC009S0194W0256,BAC009S0194W0256_noise10,S0194,1,noise_snr10,0.8077808022499084,0.19221919775009155
BAC009S0194W0256,BAC009S0194W0256_ch8k,S0194,1,channel_8k,0.4436355233192444,0.5563644766807556
BAC009S0194W0340,BAC009S0194W0340_noise10,S0194,1,noise_snr10,0.7694336771965027,0.23056632280349731
BAC009S0194W0340,BAC009S0194W0340_ch8k,S0194,1,channel_8k,0.4471915066242218,0.5528084933757782
BAC009S0194W0456,BAC009S0194W0456_noise10,S0194,1,noise_snr10,0.7739436626434326,0.22605633735656738
BAC009S0194W0456,BAC009S0194W0456_ch8k,S0194,1,channel_8k,0.3228338956832886,0.6771661043167114
BAC009S0194W0121,BAC009S0194W0121_noise10,S0194,1,noise_snr10,0.7440164685249329,0.25598353147506714
BAC009S0194W0121,BAC009S0194W0121_ch8k,S0194,1,channel_8k,0.5727235078811646,0.42727649211883545
BAC009S0194W0323,BAC009S0194W0323_noise10,S0194,1,noise_snr10,0.746148943901062,0.253851056098938
BAC009S0194W0323,BAC009S0194W0323_ch8k,S0194,1,channel_8k,0.4470689594745636,0.5529310405254364
BAC009S0194W0135,BAC009S0194W0135_noise10,S0194,1,noise_snr10,0.7365606427192688,0.2634393572807312
BAC009S0194W0135,BAC009S0194W0135_ch8k,S0194,1,channel_8k,0.47246643900871277,0.5275335609912872
BAC009S0194W0482,BAC009S0194W0482_noise10,S0194,1,noise_snr10,0.7942242622375488,0.20577573776245117
BAC009S0194W0482,BAC009S0194W0482_ch8k,S0194,1,channel_8k,0.452750027179718,0.547249972820282
BAC009S0194W0272,BAC009S0194W0272_noise10,S0194,1,noise_snr10,0.7551520466804504,0.24484795331954956
BAC009S0194W0272,BAC009S0194W0272_ch8k,S0194,1,channel_8k,0.495487242937088,0.504512757062912
BAC009S0194W0214,BAC009S0194W0214_noise10,S0194,1,noise_snr10,0.7945749163627625,0.20542508363723755
BAC009S0194W0214,BAC009S0194W0214_ch8k,S0194,1,channel_8k,0.38498032093048096,0.615019679069519
BAC009S0194W0336,BAC009S0194W0336_noise10,S0194,1,noise_snr10,0.7886528968811035,0.21134710311889648
BAC009S0194W0336,BAC009S0194W0336_ch8k,S0194,1,channel_8k,0.37958425283432007,0.6204157471656799
BAC009S0194W0480,BAC009S0194W0480_noise10,S0194,1,noise_snr10,0.7859889268875122,0.2140110731124878
BAC009S0194W0480,BAC009S0194W0480_ch8k,S0194,1,channel_8k,0.5178079605102539,0.4821920394897461
BAC009S0194W0173,BAC009S0194W0173_noise10,S0194,1,noise_snr10,0.7804538011550903,0.21954619884490967
BAC009S0194W0173,BAC009S0194W0173_ch8k,S0194,1,channel_8k,0.5880417227745056,0.4119582772254944
BAC009S0194W0125,BAC009S0194W0125_noise10,S0194,1,noise_snr10,0.8079063296318054,0.19209367036819458
BAC009S0194W0125,BAC009S0194W0125_ch8k,S0194,1,channel_8k,0.40538227558135986,0.5946177244186401
BAC009S0194W0179,BAC009S0194W0179_noise10,S0194,1,noise_snr10,0.7419138550758362,0.2580861449241638
BAC009S0194W0179,BAC009S0194W0179_ch8k,S0194,1,channel_8k,0.43798133730888367,0.5620186626911163
BAC009S0194W0424,BAC009S0194W0424_noise10,S0194,1,noise_snr10,0.7458310723304749,0.25416892766952515
BAC009S0194W0424,BAC009S0194W0424_ch8k,S0194,1,channel_8k,0.4290100038051605,0.5709899961948395
BAC009S0655W0446,BAC009S0655W0446_noise10,S0655,1,noise_snr10,0.7916676998138428,0.20833230018615723
BAC009S0655W0446,BAC009S0655W0446_ch8k,S0655,1,channel_8k,0.4559518098831177,0.5440481901168823
BAC009S0655W0410,BAC009S0655W0410_noise10,S0655,1,noise_snr10,0.6738089919090271,0.3261910080909729
BAC009S0655W0410,BAC009S0655W0410_ch8k,S0655,1,channel_8k,0.4221560060977936,0.5778439939022064
BAC009S0655W0381,BAC009S0655W0381_noise10,S0655,1,noise_snr10,0.7933181524276733,0.20668184757232666
BAC009S0655W0381,BAC009S0655W0381_ch8k,S0655,1,channel_8k,0.5225026607513428,0.4774973392486572
BAC009S0655W0471,BAC009S0655W0471_noise10,S0655,1,noise_snr10,0.7342014312744141,0.26579856872558594
BAC009S0655W0471,BAC009S0655W0471_ch8k,S0655,1,channel_8k,0.4062049090862274,0.5937950909137726
BAC009S0655W0495,BAC009S0655W0495_noise10,S0655,1,noise_snr10,0.7485302090644836,0.25146979093551636
BAC009S0655W0495,BAC009S0655W0495_ch8k,S0655,1,channel_8k,0.4567040205001831,0.5432959794998169
BAC009S0655W0254,BAC009S0655W0254_noise10,S0655,1,noise_snr10,0.752214252948761,0.247785747051239
BAC009S0655W0254,BAC009S0655W0254_ch8k,S0655,1,channel_8k,0.4003727436065674,0.5996272563934326
BAC009S0655W0238,BAC009S0655W0238_noise10,S0655,1,noise_snr10,0.7767053842544556,0.22329461574554443
BAC009S0655W0238,BAC009S0655W0238_ch8k,S0655,1,channel_8k,0.3562488555908203,0.6437511444091797
BAC009S0655W0424,BAC009S0655W0424_noise10,S0655,1,noise_snr10,0.7422361373901367,0.2577638626098633
BAC009S0655W0424,BAC009S0655W0424_ch8k,S0655,1,channel_8k,0.476906418800354,0.523093581199646
BAC009S0655W0425,BAC009S0655W0425_noise10,S0655,1,noise_snr10,0.7632124423980713,0.2367875576019287
BAC009S0655W0425,BAC009S0655W0425_ch8k,S0655,1,channel_8k,0.35297372937202454,0.6470262706279755
BAC009S0655W0187,BAC009S0655W0187_noise10,S0655,1,noise_snr10,0.6122112274169922,0.3877887725830078
BAC009S0655W0187,BAC009S0655W0187_ch8k,S0655,1,channel_8k,0.40500980615615845,0.5949901938438416
BAC009S0655W0196,BAC009S0655W0196_noise10,S0655,1,noise_snr10,0.7695052027702332,0.23049479722976685
BAC009S0655W0196,BAC009S0655W0196_ch8k,S0655,1,channel_8k,0.3795565962791443,0.6204434037208557
BAC009S0655W0285,BAC009S0655W0285_noise10,S0655,1,noise_snr10,0.7376633286476135,0.2623366713523865
BAC009S0655W0285,BAC009S0655W0285_ch8k,S0655,1,channel_8k,0.4201786518096924,0.5798213481903076
BAC009S0655W0135,BAC009S0655W0135_noise10,S0655,1,noise_snr10,0.7395349144935608,0.2604650855064392
BAC009S0655W0135,BAC009S0655W0135_ch8k,S0655,1,channel_8k,0.4817357361316681,0.5182642638683319
BAC009S0655W0342,BAC009S0655W0342_noise10,S0655,1,noise_snr10,0.686773419380188,0.313226580619812
BAC009S0655W0342,BAC009S0655W0342_ch8k,S0655,1,channel_8k,0.47514739632606506,0.5248526036739349
BAC009S0655W0171,BAC009S0655W0171_noise10,S0655,1,noise_snr10,0.7410504817962646,0.25894951820373535
BAC009S0655W0171,BAC009S0655W0171_ch8k,S0655,1,channel_8k,0.41136229038238525,0.5886377096176147
BAC009S0655W0123,BAC009S0655W0123_noise10,S0655,1,noise_snr10,0.6274258494377136,0.3725741505622864
BAC009S0655W0123,BAC009S0655W0123_ch8k,S0655,1,channel_8k,0.3952575922012329,0.6047424077987671
BAC009S0655W0403,BAC009S0655W0403_noise10,S0655,1,noise_snr10,0.8074600100517273,0.1925399899482727
BAC009S0655W0403,BAC009S0655W0403_ch8k,S0655,1,channel_8k,0.38206222653388977,0.6179377734661102
BAC009S0655W0183,BAC009S0655W0183_noise10,S0655,1,noise_snr10,0.6810709238052368,0.3189290761947632
BAC009S0655W0183,BAC009S0655W0183_ch8k,S0655,1,channel_8k,0.4258967339992523,0.5741032660007477
BAC009S0655W0303,BAC009S0655W0303_noise10,S0655,1,noise_snr10,0.7278945446014404,0.27210545539855957
BAC009S0655W0303,BAC009S0655W0303_ch8k,S0655,1,channel_8k,0.4598351716995239,0.5401648283004761
BAC009S0655W0278,BAC009S0655W0278_noise10,S0655,1,noise_snr10,0.8125860095024109,0.1874139904975891
BAC009S0655W0278,BAC009S0655W0278_ch8k,S0655,1,channel_8k,0.4907761216163635,0.5092238783836365
BAC009S0655W0136,BAC009S0655W0136_noise10,S0655,1,noise_snr10,0.7893510460853577,0.21064895391464233
BAC009S0655W0136,BAC009S0655W0136_ch8k,S0655,1,channel_8k,0.40552258491516113,0.5944774150848389
BAC009S0655W0376,BAC009S0655W0376_noise10,S0655,1,noise_snr10,0.790087878704071,0.20991212129592896
BAC009S0655W0376,BAC009S0655W0376_ch8k,S0655,1,channel_8k,0.5192956328392029,0.4807043671607971
BAC009S0655W0153,BAC009S0655W0153_noise10,S0655,1,noise_snr10,0.7624543309211731,0.2375456690788269
BAC009S0655W0153,BAC009S0655W0153_ch8k,S0655,1,channel_8k,0.501838207244873,0.49816179275512695
BAC009S0655W0311,BAC009S0655W0311_noise10,S0655,1,noise_snr10,0.6932961940765381,0.3067038059234619
BAC009S0655W0311,BAC009S0655W0311_ch8k,S0655,1,channel_8k,0.4915585219860077,0.5084414780139923
BAC009S0040W0484,BAC009S0040W0484_noise10,S0040,0,noise_snr10,0.6611921787261963,0.3388078212738037
BAC009S0040W0484,BAC009S0040W0484_ch8k,S0040,0,channel_8k,0.6112741231918335,0.3887258768081665
BAC009S0040W0176,BAC009S0040W0176_noise10,S0040,0,noise_snr10,0.7444162964820862,0.2555837035179138
BAC009S0040W0176,BAC009S0040W0176_ch8k,S0040,0,channel_8k,0.614126980304718,0.385873019695282
BAC009S0040W0230,BAC009S0040W0230_noise10,S0040,0,noise_snr10,0.6448814272880554,0.3551185727119446
BAC009S0040W0230,BAC009S0040W0230_ch8k,S0040,0,channel_8k,0.6015669107437134,0.3984330892562866
BAC009S0040W0329,BAC009S0040W0329_noise10,S0040,0,noise_snr10,0.6343767046928406,0.3656232953071594
BAC009S0040W0329,BAC009S0040W0329_ch8k,S0040,0,channel_8k,0.6171050071716309,0.38289499282836914
BAC009S0040W0300,BAC009S0040W0300_noise10,S0040,0,noise_snr10,0.6110129356384277,0.38898706436157227
BAC009S0040W0300,BAC009S0040W0300_ch8k,S0040,0,channel_8k,0.6946442127227783,0.3053557872772217
BAC009S0040W0483,BAC009S0040W0483_noise10,S0040,0,noise_snr10,0.6996060013771057,0.3003939986228943
BAC009S0040W0483,BAC009S0040W0483_ch8k,S0040,0,channel_8k,0.5341189503669739,0.4658810496330261
BAC009S0040W0244,BAC009S0040W0244_noise10,S0040,0,noise_snr10,0.7402985692024231,0.2597014307975769
BAC009S0040W0244,BAC009S0040W0244_ch8k,S0040,0,channel_8k,0.5342832207679749,0.46571677923202515
BAC009S0040W0197,BAC009S0040W0197_noise10,S0040,0,noise_snr10,0.7004536986351013,0.2995463013648987
BAC009S0040W0197,BAC009S0040W0197_ch8k,S0040,0,channel_8k,0.6736373901367188,0.32636260986328125
BAC009S0040W0198,BAC009S0040W0198_noise10,S0040,0,noise_snr10,0.5998583436012268,0.4001416563987732
BAC009S0040W0198,BAC009S0040W0198_ch8k,S0040,0,channel_8k,0.6609268188476562,0.33907318115234375
BAC009S0040W0125,BAC009S0040W0125_noise10,S0040,0,noise_snr10,0.7489377856254578,0.25106221437454224
BAC009S0040W0125,BAC009S0040W0125_ch8k,S0040,0,channel_8k,0.6418538093566895,0.35814619064331055
BAC009S0040W0193,BAC009S0040W0193_noise10,S0040,0,noise_snr10,0.7019861340522766,0.2980138659477234
BAC009S0040W0193,BAC009S0040W0193_ch8k,S0040,0,channel_8k,0.6031858325004578,0.39681416749954224
BAC009S0040W0293,BAC009S0040W0293_noise10,S0040,0,noise_snr10,0.6687334775924683,0.33126652240753174
BAC009S0040W0293,BAC009S0040W0293_ch8k,S0040,0,channel_8k,0.5954997539520264,0.40450024604797363
BAC009S0040W0344,BAC009S0040W0344_noise10,S0040,0,noise_snr10,0.7163729071617126,0.28362709283828735
BAC009S0040W0344,BAC009S0040W0344_ch8k,S0040,0,channel_8k,0.5747486352920532,0.4252513647079468
BAC009S0040W0364,BAC009S0040W0364_noise10,S0040,0,noise_snr10,0.5370201468467712,0.46297985315322876
BAC009S0040W0364,BAC009S0040W0364_ch8k,S0040,0,channel_8k,0.5593873858451843,0.4406126141548157
BAC009S0040W0285,BAC009S0040W0285_noise10,S0040,0,noise_snr10,0.7787495851516724,0.22125041484832764
BAC009S0040W0285,BAC009S0040W0285_ch8k,S0040,0,channel_8k,0.6190064549446106,0.3809935450553894
BAC009S0040W0341,BAC009S0040W0341_noise10,S0040,0,noise_snr10,0.6317695379257202,0.3682304620742798
BAC009S0040W0341,BAC009S0040W0341_ch8k,S0040,0,channel_8k,0.635380208492279,0.36461979150772095
BAC009S0040W0163,BAC009S0040W0163_noise10,S0040,0,noise_snr10,0.759332537651062,0.240667462348938
BAC009S0040W0163,BAC009S0040W0163_ch8k,S0040,0,channel_8k,0.6441056728363037,0.3558943271636963
BAC009S0040W0212,BAC009S0040W0212_noise10,S0040,0,noise_snr10,0.5111929178237915,0.4888070821762085
BAC009S0040W0212,BAC009S0040W0212_ch8k,S0040,0,channel_8k,0.5974032878875732,0.40259671211242676
BAC009S0040W0450,BAC009S0040W0450_noise10,S0040,0,noise_snr10,0.6408660411834717,0.3591339588165283
BAC009S0040W0450,BAC009S0040W0450_ch8k,S0040,0,channel_8k,0.527377724647522,0.472622275352478
BAC009S0040W0156,BAC009S0040W0156_noise10,S0040,0,noise_snr10,0.6134557723999023,0.38654422760009766
BAC009S0040W0156,BAC009S0040W0156_ch8k,S0040,0,channel_8k,0.6155595779418945,0.38444042205810547
BAC009S0040W0476,BAC009S0040W0476_noise10,S0040,0,noise_snr10,0.6578495502471924,0.3421504497528076
BAC009S0040W0476,BAC009S0040W0476_ch8k,S0040,0,channel_8k,0.6053935885429382,0.39460641145706177
BAC009S0040W0332,BAC009S0040W0332_noise10,S0040,0,noise_snr10,0.5457501411437988,0.45424985885620117
BAC009S0040W0332,BAC009S0040W0332_ch8k,S0040,0,channel_8k,0.6480801105499268,0.35191988945007324
BAC009S0040W0158,BAC009S0040W0158_noise10,S0040,0,noise_snr10,0.6132550835609436,0.3867449164390564
BAC009S0040W0158,BAC009S0040W0158_ch8k,S0040,0,channel_8k,0.49059128761291504,0.509408712387085
BAC009S0040W0456,BAC009S0040W0456_noise10,S0040,0,noise_snr10,0.7550094723701477,0.2449905276298523
BAC009S0040W0456,BAC009S0040W0456_ch8k,S0040,0,channel_8k,0.5530540347099304,0.4469459652900696
BAC009S0722W0299,BAC009S0722W0299_noise10,S0722,0,noise_snr10,0.6833390593528748,0.31666094064712524
BAC009S0722W0299,BAC009S0722W0299_ch8k,S0722,0,channel_8k,0.5911529660224915,0.40884703397750854
BAC009S0722W0217,BAC009S0722W0217_noise10,S0722,0,noise_snr10,0.6900364756584167,0.30996352434158325
BAC009S0722W0217,BAC009S0722W0217_ch8k,S0722,0,channel_8k,0.5709829926490784,0.42901700735092163
BAC009S0722W0257,BAC009S0722W0257_noise10,S0722,0,noise_snr10,0.6994134187698364,0.3005865812301636
BAC009S0722W0257,BAC009S0722W0257_ch8k,S0722,0,channel_8k,0.5378249287605286,0.46217507123947144
BAC009S0722W0415,BAC009S0722W0415_noise10,S0722,0,noise_snr10,0.659940779209137,0.34005922079086304
BAC009S0722W0415,BAC009S0722W0415_ch8k,S0722,0,channel_8k,0.4810931384563446,0.5189068615436554
BAC009S0722W0274,BAC009S0722W0274_noise10,S0722,0,noise_snr10,0.757153332233429,0.24284666776657104
BAC009S0722W0274,BAC009S0722W0274_ch8k,S0722,0,channel_8k,0.5654661059379578,0.43453389406204224
BAC009S0722W0232,BAC009S0722W0232_noise10,S0722,0,noise_snr10,0.667184591293335,0.33281540870666504
BAC009S0722W0232,BAC009S0722W0232_ch8k,S0722,0,channel_8k,0.5595786571502686,0.44042134284973145
BAC009S0722W0167,BAC009S0722W0167_noise10,S0722,0,noise_snr10,0.7449678778648376,0.25503212213516235
BAC009S0722W0167,BAC009S0722W0167_ch8k,S0722,0,channel_8k,0.5999603271484375,0.4000396728515625
BAC009S0722W0479,BAC009S0722W0479_noise10,S0722,0,noise_snr10,0.6053263545036316,0.3946736454963684
BAC009S0722W0479,BAC009S0722W0479_ch8k,S0722,0,channel_8k,0.5657256841659546,0.4342743158340454
BAC009S0722W0367,BAC009S0722W0367_noise10,S0722,0,noise_snr10,0.7054600715637207,0.2945399284362793
BAC009S0722W0367,BAC009S0722W0367_ch8k,S0722,0,channel_8k,0.6159761548042297,0.38402384519577026
BAC009S0722W0248,BAC009S0722W0248_noise10,S0722,0,noise_snr10,0.7491453886032104,0.25085461139678955
BAC009S0722W0248,BAC009S0722W0248_ch8k,S0722,0,channel_8k,0.5900769233703613,0.40992307662963867
BAC009S0722W0427,BAC009S0722W0427_noise10,S0722,0,noise_snr10,0.6142733693122864,0.3857266306877136
BAC009S0722W0427,BAC009S0722W0427_ch8k,S0722,0,channel_8k,0.5510428547859192,0.4489571452140808
BAC009S0722W0405,BAC009S0722W0405_noise10,S0722,0,noise_snr10,0.611285388469696,0.38871461153030396
BAC009S0722W0405,BAC009S0722W0405_ch8k,S0722,0,channel_8k,0.5968191623687744,0.4031808376312256
BAC009S0722W0130,BAC009S0722W0130_noise10,S0722,0,noise_snr10,0.7414355278015137,0.25856447219848633
BAC009S0722W0130,BAC009S0722W0130_ch8k,S0722,0,channel_8k,0.6085996627807617,0.3914003372192383
BAC009S0722W0159,BAC009S0722W0159_noise10,S0722,0,noise_snr10,0.7113315463066101,0.2886684536933899
BAC009S0722W0159,BAC009S0722W0159_ch8k,S0722,0,channel_8k,0.5529089570045471,0.4470910429954529
BAC009S0722W0421,BAC009S0722W0421_noise10,S0722,0,noise_snr10,0.5777926445007324,0.4222073554992676
BAC009S0722W0421,BAC009S0722W0421_ch8k,S0722,0,channel_8k,0.6400449275970459,0.3599550724029541
BAC009S0722W0183,BAC009S0722W0183_noise10,S0722,0,noise_snr10,0.750338077545166,0.24966192245483398
BAC009S0722W0183,BAC009S0722W0183_ch8k,S0722,0,channel_8k,0.591095507144928,0.408904492855072
BAC009S0722W0400,BAC009S0722W0400_noise10,S0722,0,noise_snr10,0.6495465636253357,0.3504534363746643
BAC009S0722W0400,BAC009S0722W0400_ch8k,S0722,0,channel_8k,0.5659261345863342,0.43407386541366577
BAC009S0722W0307,BAC009S0722W0307_noise10,S0722,0,noise_snr10,0.6996326446533203,0.3003673553466797
BAC009S0722W0307,BAC009S0722W0307_ch8k,S0722,0,channel_8k,0.6581640243530273,0.34183597564697266
BAC009S0722W0459,BAC009S0722W0459_noise10,S0722,0,noise_snr10,0.7446924448013306,0.25530755519866943
BAC009S0722W0459,BAC009S0722W0459_ch8k,S0722,0,channel_8k,0.5328477621078491,0.4671522378921509
BAC009S0722W0273,BAC009S0722W0273_noise10,S0722,0,noise_snr10,0.7379583716392517,0.2620416283607483
BAC009S0722W0273,BAC009S0722W0273_ch8k,S0722,0,channel_8k,0.6392145752906799,0.36078542470932007
BAC009S0722W0449,BAC009S0722W0449_noise10,S0722,0,noise_snr10,0.5903741717338562,0.4096258282661438
BAC009S0722W0449,BAC009S0722W0449_ch8k,S0722,0,channel_8k,0.5884713530540466,0.41152864694595337
BAC009S0722W0300,BAC009S0722W0300_noise10,S0722,0,noise_snr10,0.7229799032211304,0.27702009677886963
BAC009S0722W0300,BAC009S0722W0300_ch8k,S0722,0,channel_8k,0.6208659410476685,0.37913405895233154
BAC009S0722W0260,BAC009S0722W0260_noise10,S0722,0,noise_snr10,0.7435940504074097,0.25640594959259033
BAC009S0722W0260,BAC009S0722W0260_ch8k,S0722,0,channel_8k,0.5476008057594299,0.45239919424057007
BAC009S0722W0322,BAC009S0722W0322_noise10,S0722,0,noise_snr10,0.7371520400047302,0.2628479599952698
BAC009S0722W0322,BAC009S0722W0322_ch8k,S0722,0,channel_8k,0.4882110357284546,0.5117889642715454
BAC009S0731W0210,BAC009S0731W0210_noise10,S0731,0,noise_snr10,0.7651256322860718,0.23487436771392822
BAC009S0731W0210,BAC009S0731W0210_ch8k,S0731,0,channel_8k,0.5720228552818298,0.42797714471817017
BAC009S0731W0135,BAC009S0731W0135_noise10,S0731,0,noise_snr10,0.7210375666618347,0.2789624333381653
BAC009S0731W0135,BAC009S0731W0135_ch8k,S0731,0,channel_8k,0.5060111880302429,0.4939888119697571
BAC009S0731W0351,BAC009S0731W0351_noise10,S0731,0,noise_snr10,0.7473134994506836,0.2526865005493164
BAC009S0731W0351,BAC009S0731W0351_ch8k,S0731,0,channel_8k,0.6102916598320007,0.38970834016799927
BAC009S0731W0383,BAC009S0731W0383_noise10,S0731,0,noise_snr10,0.6482276320457458,0.35177236795425415
BAC009S0731W0383,BAC009S0731W0383_ch8k,S0731,0,channel_8k,0.5595435500144958,0.44045644998550415
BAC009S0731W0478,BAC009S0731W0478_noise10,S0731,0,noise_snr10,0.7263296246528625,0.27367037534713745
BAC009S0731W0478,BAC009S0731W0478_ch8k,S0731,0,channel_8k,0.5826457142829895,0.4173542857170105
BAC009S0731W0163,BAC009S0731W0163_noise10,S0731,0,noise_snr10,0.7547714114189148,0.2452285885810852
BAC009S0731W0163,BAC009S0731W0163_ch8k,S0731,0,channel_8k,0.5117141604423523,0.4882858395576477
BAC009S0731W0434,BAC009S0731W0434_noise10,S0731,0,noise_snr10,0.7344950437545776,0.26550495624542236
BAC009S0731W0434,BAC009S0731W0434_ch8k,S0731,0,channel_8k,0.6016841530799866,0.3983158469200134
BAC009S0731W0317,BAC009S0731W0317_noise10,S0731,0,noise_snr10,0.5694285035133362,0.4305714964866638
BAC009S0731W0317,BAC009S0731W0317_ch8k,S0731,0,channel_8k,0.6031771898269653,0.39682281017303467
BAC009S0731W0161,BAC009S0731W0161_noise10,S0731,0,noise_snr10,0.6887098550796509,0.3112901449203491
BAC009S0731W0161,BAC009S0731W0161_ch8k,S0731,0,channel_8k,0.5779856443405151,0.42201435565948486
BAC009S0731W0179,BAC009S0731W0179_noise10,S0731,0,noise_snr10,0.609525203704834,0.390474796295166
BAC009S0731W0179,BAC009S0731W0179_ch8k,S0731,0,channel_8k,0.47992658615112305,0.520073413848877
BAC009S0731W0228,BAC009S0731W0228_noise10,S0731,0,noise_snr10,0.8347551226615906,0.16524487733840942
BAC009S0731W0228,BAC009S0731W0228_ch8k,S0731,0,channel_8k,0.6085755825042725,0.39142441749572754
BAC009S0731W0472,BAC009S0731W0472_noise10,S0731,0,noise_snr10,0.696774959564209,0.303225040435791
BAC009S0731W0472,BAC009S0731W0472_ch8k,S0731,0,channel_8k,0.4996607303619385,0.5003392696380615
BAC009S0731W0494,BAC009S0731W0494_noise10,S0731,0,noise_snr10,0.683211088180542,0.316788911819458
BAC009S0731W0494,BAC009S0731W0494_ch8k,S0731,0,channel_8k,0.5408029556274414,0.4591970443725586
BAC009S0731W0301,BAC009S0731W0301_noise10,S0731,0,noise_snr10,0.7068052887916565,0.2931947112083435
BAC009S0731W0301,BAC009S0731W0301_ch8k,S0731,0,channel_8k,0.4988430440425873,0.5011569559574127
BAC009S0731W0425,BAC009S0731W0425_noise10,S0731,0,noise_snr10,0.6995388865470886,0.3004611134529114
BAC009S0731W0425,BAC009S0731W0425_ch8k,S0731,0,channel_8k,0.6623621582984924,0.33763784170150757
BAC009S0731W0200,BAC009S0731W0200_noise10,S0731,0,noise_snr10,0.6918179392814636,0.3081820607185364
BAC009S0731W0200,BAC009S0731W0200_ch8k,S0731,0,channel_8k,0.4912862181663513,0.5087137818336487
BAC009S0731W0190,BAC009S0731W0190_noise10,S0731,0,noise_snr10,0.7121037244796753,0.2878962755203247
BAC009S0731W0190,BAC009S0731W0190_ch8k,S0731,0,channel_8k,0.5023804306983948,0.4976195693016052
BAC009S0731W0212,BAC009S0731W0212_noise10,S0731,0,noise_snr10,0.6313804984092712,0.36861950159072876
BAC009S0731W0212,BAC009S0731W0212_ch8k,S0731,0,channel_8k,0.44535648822784424,0.5546435117721558
BAC009S0731W0460,BAC009S0731W0460_noise10,S0731,0,noise_snr10,0.7683192491531372,0.2316807508468628
BAC009S0731W0460,BAC009S0731W0460_ch8k,S0731,0,channel_8k,0.637305736541748,0.36269426345825195
BAC009S0731W0211,BAC009S0731W0211_noise10,S0731,0,noise_snr10,0.7672366499900818,0.2327633500099182
BAC009S0731W0211,BAC009S0731W0211_ch8k,S0731,0,channel_8k,0.49940386414527893,0.5005961358547211
BAC009S0731W0132,BAC009S0731W0132_noise10,S0731,0,noise_snr10,0.7010028958320618,0.29899710416793823
BAC009S0731W0132,BAC009S0731W0132_ch8k,S0731,0,channel_8k,0.5243085026741028,0.4756914973258972
BAC009S0731W0167,BAC009S0731W0167_noise10,S0731,0,noise_snr10,0.7541289329528809,0.24587106704711914
BAC009S0731W0167,BAC009S0731W0167_ch8k,S0731,0,channel_8k,0.5761240124702454,0.42387598752975464
BAC009S0731W0150,BAC009S0731W0150_noise10,S0731,0,noise_snr10,0.7590802907943726,0.24091970920562744
BAC009S0731W0150,BAC009S0731W0150_ch8k,S0731,0,channel_8k,0.49712198972702026,0.5028780102729797
BAC009S0731W0262,BAC009S0731W0262_noise10,S0731,0,noise_snr10,0.7175862193107605,0.2824137806892395
BAC009S0731W0262,BAC009S0731W0262_ch8k,S0731,0,channel_8k,0.659713625907898,0.34028637409210205
BAC009S0748W0278,BAC009S0748W0278_noise10,S0748,1,noise_snr10,0.6883757710456848,0.3116242289543152
BAC009S0748W0278,BAC009S0748W0278_ch8k,S0748,1,channel_8k,0.45264872908592224,0.5473512709140778
BAC009S0748W0377,BAC009S0748W0377_noise10,S0748,1,noise_snr10,0.7403374910354614,0.2596625089645386
BAC009S0748W0377,BAC009S0748W0377_ch8k,S0748,1,channel_8k,0.47519153356552124,0.5248084664344788
BAC009S0748W0465,BAC009S0748W0465_noise10,S0748,1,noise_snr10,0.7439972758293152,0.2560027241706848
BAC009S0748W0465,BAC009S0748W0465_ch8k,S0748,1,channel_8k,0.550268828868866,0.44973117113113403
BAC009S0748W0421,BAC009S0748W0421_noise10,S0748,1,noise_snr10,0.6217336654663086,0.3782663345336914
BAC009S0748W0421,BAC009S0748W0421_ch8k,S0748,1,channel_8k,0.4579085111618042,0.5420914888381958
BAC009S0748W0164,BAC009S0748W0164_noise10,S0748,1,noise_snr10,0.6979241371154785,0.3020758628845215
BAC009S0748W0164,BAC009S0748W0164_ch8k,S0748,1,channel_8k,0.45541977882385254,0.5445802211761475
BAC009S0748W0266,BAC009S0748W0266_noise10,S0748,1,noise_snr10,0.5703855752944946,0.42961442470550537
BAC009S0748W0266,BAC009S0748W0266_ch8k,S0748,1,channel_8k,0.44521260261535645,0.5547873973846436
BAC009S0748W0327,BAC009S0748W0327_noise10,S0748,1,noise_snr10,0.7321727275848389,0.26782727241516113
BAC009S0748W0327,BAC009S0748W0327_ch8k,S0748,1,channel_8k,0.5506072044372559,0.44939279556274414
BAC009S0748W0396,BAC009S0748W0396_noise10,S0748,1,noise_snr10,0.6222105026245117,0.3777894973754883
BAC009S0748W0396,BAC009S0748W0396_ch8k,S0748,1,channel_8k,0.5047265887260437,0.4952734112739563
BAC009S0748W0124,BAC009S0748W0124_noise10,S0748,1,noise_snr10,0.781813383102417,0.218186616897583
BAC009S0748W0124,BAC009S0748W0124_ch8k,S0748,1,channel_8k,0.3959091901779175,0.6040908098220825
BAC009S0748W0276,BAC009S0748W0276_noise10,S0748,1,noise_snr10,0.7812250256538391,0.2187749743461609
BAC009S0748W0276,BAC009S0748W0276_ch8k,S0748,1,channel_8k,0.5135838389396667,0.48641616106033325
BAC009S0748W0316,BAC009S0748W0316_noise10,S0748,1,noise_snr10,0.6534794569015503,0.3465205430984497
BAC009S0748W0316,BAC009S0748W0316_ch8k,S0748,1,channel_8k,0.498514860868454,0.501485139131546
BAC009S0748W0237,BAC009S0748W0237_noise10,S0748,1,noise_snr10,0.7240012884140015,0.27599871158599854
BAC009S0748W0237,BAC009S0748W0237_ch8k,S0748,1,channel_8k,0.4973781108856201,0.5026218891143799
BAC009S0748W0162,BAC009S0748W0162_noise10,S0748,1,noise_snr10,0.7372951507568359,0.26270484924316406
BAC009S0748W0162,BAC009S0748W0162_ch8k,S0748,1,channel_8k,0.3951042890548706,0.6048957109451294
BAC009S0748W0221,BAC009S0748W0221_noise10,S0748,1,noise_snr10,0.6718059778213501,0.3281940221786499
BAC009S0748W0221,BAC009S0748W0221_ch8k,S0748,1,channel_8k,0.5309715867042542,0.46902841329574585
BAC009S0748W0132,BAC009S0748W0132_noise10,S0748,1,noise_snr10,0.6986908316612244,0.30130916833877563
BAC009S0748W0132,BAC009S0748W0132_ch8k,S0748,1,channel_8k,0.43208515644073486,0.5679148435592651
BAC009S0748W0292,BAC009S0748W0292_noise10,S0748,1,noise_snr10,0.6367273926734924,0.36327260732650757
BAC009S0748W0292,BAC009S0748W0292_ch8k,S0748,1,channel_8k,0.487620085477829,0.512379914522171
BAC009S0748W0486,BAC009S0748W0486_noise10,S0748,1,noise_snr10,0.7477036118507385,0.2522963881492615
BAC009S0748W0486,BAC009S0748W0486_ch8k,S0748,1,channel_8k,0.5275458097457886,0.4724541902542114
BAC009S0748W0354,BAC009S0748W0354_noise10,S0748,1,noise_snr10,0.5557039976119995,0.4442960023880005
BAC009S0748W0354,BAC009S0748W0354_ch8k,S0748,1,channel_8k,0.5490317344665527,0.45096826553344727
BAC009S0748W0361,BAC009S0748W0361_noise10,S0748,1,noise_snr10,0.6272674202919006,0.37273257970809937
BAC009S0748W0361,BAC009S0748W0361_ch8k,S0748,1,channel_8k,0.4753915071487427,0.5246084928512573
BAC009S0748W0171,BAC009S0748W0171_noise10,S0748,1,noise_snr10,0.7129541635513306,0.28704583644866943
BAC009S0748W0171,BAC009S0748W0171_ch8k,S0748,1,channel_8k,0.5268594622612,0.47314053773880005
BAC009S0748W0131,BAC009S0748W0131_noise10,S0748,1,noise_snr10,0.6465100049972534,0.3534899950027466
BAC009S0748W0131,BAC009S0748W0131_ch8k,S0748,1,channel_8k,0.4987083375453949,0.5012916624546051
BAC009S0748W0437,BAC009S0748W0437_noise10,S0748,1,noise_snr10,0.6940018534660339,0.30599814653396606
BAC009S0748W0437,BAC009S0748W0437_ch8k,S0748,1,channel_8k,0.4658357799053192,0.5341642200946808
BAC009S0748W0428,BAC009S0748W0428_noise10,S0748,1,noise_snr10,0.5669994950294495,0.43300050497055054
BAC009S0748W0428,BAC009S0748W0428_ch8k,S0748,1,channel_8k,0.45670825242996216,0.5432917475700378
BAC009S0748W0483,BAC009S0748W0483_noise10,S0748,1,noise_snr10,0.7888501882553101,0.21114981174468994
BAC009S0748W0483,BAC009S0748W0483_ch8k,S0748,1,channel_8k,0.6437119841575623,0.35628801584243774
BAC009S0114W0439,BAC009S0114W0439_noise10,S0114,0,noise_snr10,0.6703292727470398,0.3296707272529602
BAC009S0114W0439,BAC009S0114W0439_ch8k,S0114,0,channel_8k,0.7342753410339355,0.26572465896606445
BAC009S0114W0379,BAC009S0114W0379_noise10,S0114,0,noise_snr10,0.6395599842071533,0.3604400157928467
BAC009S0114W0379,BAC009S0114W0379_ch8k,S0114,0,channel_8k,0.7198178768157959,0.2801821231842041
BAC009S0114W0142,BAC009S0114W0142_noise10,S0114,0,noise_snr10,0.7891889810562134,0.21081101894378662
BAC009S0114W0142,BAC009S0114W0142_ch8k,S0114,0,channel_8k,0.7577358484268188,0.24226415157318115
BAC009S0114W0388,BAC009S0114W0388_noise10,S0114,0,noise_snr10,0.5934125185012817,0.40658748149871826
BAC009S0114W0388,BAC009S0114W0388_ch8k,S0114,0,channel_8k,0.6927618384361267,0.3072381615638733
BAC009S0105W0228,BAC009S0105W0228_noise10,S0105,0,noise_snr10,0.7450753450393677,0.2549246549606323
BAC009S0105W0228,BAC009S0105W0228_ch8k,S0105,0,channel_8k,0.5999788045883179,0.40002119541168213
BAC009S0105W0482,BAC009S0105W0482_noise10,S0105,0,noise_snr10,0.6210230588912964,0.3789769411087036
BAC009S0105W0482,BAC009S0105W0482_ch8k,S0105,0,channel_8k,0.6711223721504211,0.32887762784957886
BAC009S0105W0420,BAC009S0105W0420_noise10,S0105,0,noise_snr10,0.6681351065635681,0.3318648934364319
BAC009S0105W0420,BAC009S0105W0420_ch8k,S0105,0,channel_8k,0.697124719619751,0.302875280380249
BAC009S0105W0169,BAC009S0105W0169_noise10,S0105,0,noise_snr10,0.6110307574272156,0.3889692425727844
BAC009S0105W0169,BAC009S0105W0169_ch8k,S0105,0,channel_8k,0.6871162056922913,0.31288379430770874
BAC009S0758W0273,BAC009S0758W0273_noise10,S0758,1,noise_snr10,0.739907443523407,0.260092556476593
BAC009S0758W0273,BAC009S0758W0273_ch8k,S0758,1,channel_8k,0.4386211633682251,0.5613788366317749
BAC009S0758W0240,BAC009S0758W0240_noise10,S0758,1,noise_snr10,0.7337982058525085,0.26620179414749146
BAC009S0758W0240,BAC009S0758W0240_ch8k,S0758,1,channel_8k,0.42413821816444397,0.575861781835556
BAC009S0758W0281,BAC009S0758W0281_noise10,S0758,1,noise_snr10,0.7404792904853821,0.2595207095146179
BAC009S0758W0281,BAC009S0758W0281_ch8k,S0758,1,channel_8k,0.504768967628479,0.495231032371521
BAC009S0758W0357,BAC009S0758W0357_noise10,S0758,1,noise_snr10,0.7042437195777893,0.2957562804222107
BAC009S0758W0357,BAC009S0758W0357_ch8k,S0758,1,channel_8k,0.5509636402130127,0.4490363597869873
BAC009S0049W0425,BAC009S0049W0425_noise10,S0049,0,noise_snr10,0.6026108860969543,0.39738911390304565
BAC009S0049W0425,BAC009S0049W0425_ch8k,S0049,0,channel_8k,0.5874913334846497,0.41250866651535034
BAC009S0049W0439,BAC009S0049W0439_noise10,S0049,0,noise_snr10,0.7711517810821533,0.22884821891784668
BAC009S0049W0439,BAC009S0049W0439_ch8k,S0049,0,channel_8k,0.5759946703910828,0.42400532960891724
BAC009S0049W0130,BAC009S0049W0130_noise10,S0049,0,noise_snr10,0.7735884189605713,0.2264115810394287
BAC009S0049W0130,BAC009S0049W0130_ch8k,S0049,0,channel_8k,0.6180793046951294,0.3819206953048706
BAC009S0049W0489,BAC009S0049W0489_noise10,S0049,0,noise_snr10,0.664822518825531,0.335177481174469
BAC009S0049W0489,BAC009S0049W0489_ch8k,S0049,0,channel_8k,0.6153199672698975,0.38468003273010254
